#doc=skiing.2.txt;;;;;;;;;;;;;;;;
1;јнна;јЌЌј;S f persn anim nom sg;;;а;н;н;а;;;S;јЌЌј;S f anim nom sg;;
2;@;@;PUNC;;;;;;;;;PUNC;@;PUNC;;
3;ѕару;ѕј–ј;S f inan acc sg;;;у;р;а;п;;;S;ѕј–ј;S m inan - sg;;
4;дней;ƒ≈Ќ№;S m inan gen pl;;;й;е;н;д;;;S;ƒ≈Ќ№;S m inan gen pl;;
5;назад;Ќј«јƒ;ADV -;;;д;а;з;а;н;;ADV;Ќј«јƒ;ADV -;;
6;€;я;SPRO sg 1p - nom;;;€;;;;;;SPRO;я;SPRO sg 1p - nom;;
7;ехала;≈’ј“№;V ipf praet sg indic f -;;;а;л;а;х;е;;V;≈’ј“№;V ipf praet sg indic f -;;
8;м;ћ;INTJ;;;м;;;;;;S;ћ;S m inan nonflex nonflex;;
9;на;Ќј;PR;;;а;н;;;;;PR;Ќј;PR;;
10;автобусе;ј¬“ќЅ”—;S m inan loc sg;;;е;с;у;б;о;т;S;ј¬“ќЅ”—;S m inan loc sg;;
11;из;»«;PR;;;з;и;;;;;PR;»«;PR;;
12;ѕарижа;ѕј–»∆;S m inan gen sg;;;а;ж;и;р;а;п;S;ѕј–»∆;S m inan gen sg;;
13;в;¬;PR;;;в;;;;;;PR;¬;PR;;
14;ћилан;ћ»ЋјЌ;S m inan acc sg;;;н;а;л;и;м;;S;ћ»ЋјЌ;S m inan acc sg;;
15;.;.;SENT;;;;;;;;;SENT;.;SENT;;
;;;;;;;;;;;;;;;;
1;Ёто;Ё“ќ;SPRO n nom sg;;;о;т;э;;;;S;Ё“ќ;S n - nom sg;;
2;был;Ѕџ“№;V ipf praet sg indic m -;;;л;ы;б;;;;V;Ѕџ“№;V ipf praet sg indic m -;;
3;ночной;Ќќ„Ќќ…;A - nom sg plen m inan;;;й;о;н;ч;о;н;A;Ќќ„Ќќ…;A - nom sg plen m -;;
4;автобус;ј¬“ќЅ”—;S m inan nom sg;;;с;у;б;о;т;в;S;ј¬“ќЅ”—;S m inan nom sg;;
5;,;,;PUNC;;;;;;;;;PUNC;,;PUNC;;
6;довольно;ƒќ¬ќЋ№Ќќ;ADV -;;;о;н;ь;л;о;в;ADV;ƒќ¬ќЋ№Ќќ;ADV -;;
7;долгий;ƒќЋ√»…;A - nom sg plen m inan;;;й;и;г;л;о;д;A;ƒќЋ√»…;A - nom sg plen m -;;
8;,;,;PUNC;;;;;;;;;PUNC;,;PUNC;;
9;€;я;SPRO sg 1p - nom;;;€;;;;;;SPRO;я;SPRO sg 1p - nom;;
10;устала;”—“ј“№;V pf praet sg inic f -;;;а;л;а;т;с;у;A;”—“јЋџ…;A - - sg brev f -;;
11;.;.;SENT;;;;;;;;;SENT;.;SENT;;
;;;;;;;;;;;;;;;;
1;»;»;CONJ;;;и;;;;;;CONJ;»;CONJ;;
2;€;я;SPRO sg 1p - nom;;;€;;;;;;SPRO;я;SPRO sg 1p - nom;;
3;помню;ѕќћЌ»“№;V ipf praes sg indic - 1p;;;ю;н;м;о;п;;V;ѕќћЌ»“№;V ipf praes sg indic - 1p;;
4;,;,;PUNC;;;;;;;;;PUNC;,;PUNC;;
5;как; ј ;CONJ;;;к;а;к;;;;CONJ; ј ;CONJ;;
6;утром;”“–ќ;S n inan ins sg;;;м;о;р;т;у;;S;”“–ќ;S n inan ins sg;;
7;€;я;SPRO sg 1p - nom;;;€;;;;;;SPRO;я;SPRO sg 1p - nom;;
8;проснулась;ѕ–ќ—Ќ”“№—я;V pf praet sg indic f -;;;ь;с;а;л;у;н;V;ѕ–ќ—Ќ”“№—я;V pf praet sg indic f -;;
9;:;:;PUNC;;;;;;;;;PUNC;:;PUNC;;
10;открыв;ќ“ –џ“№;V pf praet - ger - -;;;в;ы;р;к;т;о;V;ќ“ –џ“№;V pf praet - ger - -;;
11;глаза;√Ћј«;S m inan acc pl;;;а;з;а;л;г;;S;√Ћј«;S m inan acc pl;;
12;,;,;PUNC;;;;;;;;;PUNC;,;PUNC;;
13;посмотрела;ѕќ—ћќ“–≈“№;V pf praet sg indic f -;;;а;л;е;р;т;о;V;ѕќ—ћќ“–≈“№;V pf praet sg indic f -;;
14;в;¬;PR;;;в;;;;;;PR;¬;PR;;
15;окно;ќ Ќќ;S n inan acc sg;;;о;н;к;о;;;S;ќ Ќќ;S n inan acc sg;;
16;и;»;CONJ;;;и;;;;;;CONJ;»;CONJ;;
17;увидела;”¬»ƒ≈“№;V pf praet sg indic f -;;;а;л;е;д;и;в;V;”¬»ƒ≈“№;V pf praet sg indic f -;;
18;горы;√ќ–ј;S f inan acc pl;;;ы;р;о;г;;;S;√ќ–ј;S f inan acc pl;;
19;.;.;SENT;;;;;;;;;SENT;.;SENT;;
;;;;;;;;;;;;;;;;
1;я;я;SPRO sg 1p - nom;;;€;;;;;;SPRO;я;SPRO sg 1p - nom;;
2;пон€ла;ѕќЌя“№;V pf praet sg indic f -;;;а;л;€;н;о;п;V;ѕќЌя“№;V pf praet sg indic f -;;
3;,;,;PUNC;;;;;;;;;PUNC;,;PUNC;;
4;&;&;PUNC;;;;;;;;;PUNC;&;PUNC;;
5;lt;LT;NONLEX;;;;;;;;;NONLEX;LT;NONLEX;;
6;";";";";PUNC;;;;;;;;;PUNC;";";PUNC;;
7;distinct;DISTINCT;NONLEX;;;;;;;;;NONLEX;DISTINCT;NONLEX;;
8;form;FORM;NONLEX;;;;;;;;;NONLEX;FORM;NONLEX;;
9;=;=;PUNC;;;;;;;;;PUNC;=;PUNC;;
10;&;&;PUNC;;;;;;;;;PUNC;&;PUNC;;
11;quot;QUOT;NONLEX;;;;;;;;;NONLEX;QUOT;NONLEX;;
12;";";";";PUNC;;;;;;;;;PUNC;";";PUNC;;
13;каак; ј ;ADVPRO;distort;;к;а;а;к;;;S; јј ;S m inan acc sg;;
14;&;&;PUNC;;;;;;;;;PUNC;&;PUNC;;
15;quot;QUOT;NONLEX;;;;;;;;;NONLEX;QUOT;NONLEX;;
16;";";";";SENT;;;;;;;;;SENT;";";SENT;;
;;;;;;;;;;;;;;;;
1;&;&;PUNC;;;;;;;;;PUNC;&;PUNC;;
2;gt;GT;NONLEX;;;;;;;;;NONLEX;GT;NONLEX;;
3;";";";";PUNC;;;;;;;;;PUNC;";";PUNC;;
4;как; ј ;ADVPRO;;;к;а;к;;;;ADV; ј ;ADV -;;
5;&;&;PUNC;;;;;;;;;PUNC;&;PUNC;;
6;lt;LT;NONLEX;;;;;;;;;NONLEX;LT;NONLEX;;
7;";";";";SENT;;;;;;;;;SENT;";";SENT;;
;;;;;;;;;;;;;;;;
1;/;/;PUNC;;;;;;;;;PUNC;/;PUNC;;
2;distinct;DISTINCT;NONLEX;;;;;;;;;NONLEX;DISTINCT;NONLEX;;
3;&;&;PUNC;;;;;;;;;PUNC;&;PUNC;;
4;gt;GT;NONLEX;;;;;;;;;NONLEX;GT;NONLEX;;
5;";";";";SENT;;;;;;;;;SENT;";";SENT;;
;;;;;;;;;;;;;;;;
1;сильно;—»Ћ№Ќќ;ADV -;;;о;н;ь;л;и;с;ADV;—»Ћ№Ќќ;ADV -;;
2;€;я;SPRO sg 1p - nom;;;€;;;;;;SPRO;я;SPRO sg 1p - nom;;
3;по;ѕќ;PR;;;о;п;;;;;PR;ѕќ;PR;;
4;ним;ќЌ»;SPRO pl 3p - dat;;;м;и;н;;;;SPRO;ќЌ»;SPRO pl - - dat;;
5;соскучилась;—ќ— ”„»“№—я;V pf praet sg indic f -;;;ь;с;а;л;и;ч;V;—ќ— ”„»“№—я;V pf praet sg indic f -;;
6;.;.;SENT;;;;;;;;;SENT;.;SENT;;
;;;;;;;;;;;;;;;;
1;јнна;јЌЌј;S f persn anim nom sg;;;а;н;н;а;;;S;јЌЌј;S f anim nom sg;;
2;@;@;PUNC;;;;;;;;;PUNC;@;PUNC;;
3;¬ообще;¬ќќЅў≈;PARENTH;;;е;щ;б;о;о;в;ADV;¬ќќЅў≈;ADV -;;
4;,;,;PUNC;;;;;;;;;PUNC;,;PUNC;;
5;первый;ѕ≈–¬џ…;ANUM inan m sg acc;;;й;ы;в;р;е;п;A;ѕ≈–¬џ…;A - acc sg plen m inan;;
6;раз;–ј«;S m inan acc sg;;;з;а;р;;;;S;–ј«;S m inan acc sg;;
7;€;я;SPRO sg 1p - nom;;;€;;;;;;SPRO;я;SPRO sg 1p - nom;;
8;встала;¬—“ј“№;V pf praet sg indic f -;;;а;л;а;т;с;в;V;¬—“ј“№;V pf praet sg indic f -;;
9;на;Ќј;PR;;;а;н;;;;;PR;Ќј;PR;;
10;горные;√ќ–Ќџ…;A - acc pl plen f inan;;;е;ы;н;р;о;г;A;√ќ–Ќџ…;A - acc pl plen - inan;;
11;лыжи;Ћџ∆ј;S f inan acc pl;;;и;ж;ы;л;;;S;Ћџ∆ј;S f inan acc pl;;
12;когда; ќ√ƒј;CONJ;;;а;д;г;о;к;;CONJ; ќ√ƒј;CONJ;;
13;мне;я;SPRO sg 1p - dat;;;е;н;м;;;;SPRO;я;SPRO sg 1p - loc;;
14;было;Ѕџ“№;V ipf praet sg indic n -;;;о;л;ы;б;;;V;Ѕџ“№;V ipf praet sg indic n -;;
15;четыре;„≈“џ–≈;NUM acc inan -;;;е;р;ы;т;е;ч;NUM;„≈“џ–≈;NUM nom - -;;
16;года;√ќƒ;S m inan gen sg;;;а;д;о;г;;;S;√ќƒ;S m inan gen sg;;
17;.;.;SENT;;;;;;;;;SENT;.;SENT;;
;;;;;;;;;;;;;;;;
1;ћои;ћќ…;APRO pl nom;;;и;о;м;;;;A;ћќ…;A - nom pl plen - -;;
2;родители;–ќƒ»“≈Ћ№;S m anim nom pl;;;и;л;е;т;и;д;S;–ќƒ»“≈Ћ№;S m anim nom pl;;
3;поставили;ѕќ—“ј¬»“№;V pf praet pl indic - -;;;и;л;и;в;а;т;V;ѕќ—“ј¬»“№;V pf praet pl indic - -;;
4;мен€;я;SPRO sg 1p - acc;;;€;н;е;м;;;SPRO;я;SPRO sg 1p - acc;;
5;,;,;PUNC;;;;;;;;;PUNC;,;PUNC;;
6;потому что;потому что;;раздельно;;о;т;ч; ;у;м;ZERO;потому что;ZERO;;
7;они;ќЌ»;SPRO pl 3p - nom;;;и;н;о;;;;SPRO;ќЌ»;SPRO pl - - nom;;
8;&;&;PUNC;;;;;;;;;PUNC;&;PUNC;;
9;lt;LT;NONLEX;;;;;;;;;NONLEX;LT;NONLEX;;
10;";";";";PUNC;;;;;;;;;PUNC;";";PUNC;;
11;distinct;DISTINCT;NONLEX;;;;;;;;;NONLEX;DISTINCT;NONLEX;;
12;form;FORM;NONLEX;;;;;;;;;NONLEX;FORM;NONLEX;;
13;=;=;PUNC;;;;;;;;;PUNC;=;PUNC;;
14;&;&;PUNC;;;;;;;;;PUNC;&;PUNC;;
15;quot;QUOT;NONLEX;;;;;;;;;NONLEX;QUOT;NONLEX;;
16;";";";";PUNC;;;;;;;;;PUNC;";";PUNC;;
17;обаээ;ќЅј;NUM nom m anim;distort;;э;э;а;б;о;;NONLEX;ќЅјЁЁ;NONLEX;;
18;&;&;PUNC;;;;;;;;;PUNC;&;PUNC;;
19;quot;QUOT;NONLEX;;;;;;;;;NONLEX;QUOT;NONLEX;;
20;";";";";SENT;;;;;;;;;SENT;";";SENT;;
;;;;;;;;;;;;;;;;
1;&;&;PUNC;;;;;;;;;PUNC;&;PUNC;;
2;gt;GT;NONLEX;;;;;;;;;NONLEX;GT;NONLEX;;
3;";";";";PUNC;;;;;;;;;PUNC;";";PUNC;;
4;оба;ќЅј;NUM nom m anim;;;а;б;о;;;;NUM;ќЅј;NUM acc m inan;;
5;&;&;PUNC;;;;;;;;;PUNC;&;PUNC;;
6;lt;LT;NONLEX;;;;;;;;;NONLEX;LT;NONLEX;;
7;";";";";SENT;;;;;;;;;SENT;";";SENT;;
;;;;;;;;;;;;;;;;
1;/;/;PUNC;;;;;;;;;PUNC;/;PUNC;;
2;distinct;DISTINCT;NONLEX;;;;;;;;;NONLEX;DISTINCT;NONLEX;;
3;&;&;PUNC;;;;;;;;;PUNC;&;PUNC;;
4;gt;GT;NONLEX;;;;;;;;;NONLEX;GT;NONLEX;;
5;";";";";SENT;;;;;;;;;SENT;";";SENT;;
;;;;;;;;;;;;;;;;
1;умеют;”ћ≈“№;V ipf praes pl indic - 3p;;;т;ю;е;м;у;;V;”ћ≈“№;V ipf praes pl indic - 3p;;
2;кататьс€; ј“ј“№—я;V ipf - - inf - -;;;€;с;ь;т;а;т;V; ј“ј“№—я;V ipf - - inf - -;;
3;на;Ќј;PR;;;а;н;;;;;PR;Ќј;PR;;
4;горных;√ќ–Ќџ…;A - loc pl plen f inan;;;х;ы;н;р;о;г;A;√ќ–Ќџ…;A - loc pl plen - -;;
5;лыжах;Ћџ∆ј;S f inan loc pl;;;х;а;ж;ы;л;;S;Ћџ∆ј;S f inan loc pl;;
6;со;—ќ;PR;;;о;с;;;;;PR;—ќ;PR;;
7;студенческих;—“”ƒ≈Ќ„≈— »…;A - gen pl plen m inan;;;х;и;к;с;е;ч;A;—“”ƒ≈Ќ„≈— »…;A - gen pl plen - -;;
8;лет;√ќƒ;S m inan gen pl;;;т;е;л;;;;S;√ќƒ;S m inan gen pl;;
9;.;.;SENT;;;;;;;;;SENT;.;SENT;;
;;;;;;;;;;;;;;;;
1;ѕоэтому;ѕќЁ“ќћ”;ADVPRO;;;у;м;о;т;э;о;ADV;ѕќЁ“ќћ”;ADV -;;
2;,;,;PUNC;;;;;;;;;PUNC;,;PUNC;;
3;€;я;SPRO sg 1p - nom;;;€;;;;;;SPRO;я;SPRO sg 1p - nom;;
4;думаю;ƒ”ћј“№;V ipf praes sg indic - 1p;;;ю;а;м;у;д;;V;ƒ”ћј“№;V ipf praes sg indic - 1p;;
5;,;,;PUNC;;;;;;;;;PUNC;,;PUNC;;
6;им;ќЌ»;SPRO pl 3p - dat;;;м;и;;;;;SPRO;ќЌ»;SPRO pl - - dat;;
7;было;Ѕџ“№;V ipf praet sg indic n -;;;о;л;ы;б;;;V;Ѕџ“№;V ipf praet sg indic n -;;
8;важно;¬ј∆Ќќ;PRAEDIC;;;о;н;ж;а;в;;ADV;¬ј∆Ќќ;ADV -;;
9;,;,;PUNC;;;;;;;;;PUNC;,;PUNC;;
10;чтобы;„“ќЅџ;CONJ;;;ы;б;о;т;ч;;CONJ;„“ќЅџ;CONJ;;
11;э;Ё;NONLEX;;;э;;;;;;S;Ё;S f inan nonflex nonflex;;
12;и;»;CONJ;;;и;;;;;;CONJ;»;CONJ;;
13;€;я;SPRO sg 1p - nom;;;€;;;;;;SPRO;я;SPRO sg 1p - nom;;
14;раздел€ла;–ј«ƒ≈Ћя“№;V ipf praet sg indic f -;;;а;л;€;л;е;д;V;–ј«ƒ≈Ћя“№;V ipf praet sg indic f -;;
15;их;»’;APRO;;;х;и;;;;;SPRO;ќЌ»;SPRO pl - - acc;;
16;хобби;’ќЅЅ»;S n inan acc 0;;;и;б;б;о;х;;S;’ќЅЅ»;S n inan nonflex nonflex;;
17;.;.;SENT;;;;;;;;;SENT;.;SENT;;
;;;;;;;;;;;;;;;;
1;јнна;јЌЌј;S f persn anim nom sg;;;а;н;н;а;;;S;јЌЌј;S f anim nom sg;;
2;@;@;PUNC;;;;;;;;;PUNC;@;PUNC;;
3;¬ообще;¬ќќЅў≈;PARENTH;;;е;щ;б;о;о;в;ADV;¬ќќЅў≈;ADV -;;
4;,;,;PUNC;;;;;;;;;PUNC;,;PUNC;;
5;на;Ќј;PR;;;а;н;;;;;PR;Ќј;PR;;
6;самом;—јћџ…;A - loc sg plen n inan;;;м;о;м;а;с;;A;—јћџ…;A - loc sg plen n -;;
7;&;&;PUNC;;;;;;;;;PUNC;&;PUNC;;
8;lt;LT;NONLEX;;;;;;;;;NONLEX;LT;NONLEX;;
9;";";";";PUNC;;;;;;;;;PUNC;";";PUNC;;
10;distinct;DISTINCT;NONLEX;;;;;;;;;NONLEX;DISTINCT;NONLEX;;
11;form;FORM;NONLEX;;;;;;;;;NONLEX;FORM;NONLEX;;
12;=;=;PUNC;;;;;;;;;PUNC;=;PUNC;;
13;&;&;PUNC;;;;;;;;;PUNC;&;PUNC;;
14;quot;QUOT;NONLEX;;;;;;;;;NONLEX;QUOT;NONLEX;;
15;";";";";PUNC;;;;;;;;;PUNC;";";PUNC;;
16;де;ƒ≈Ћќ;S n inan loc sg;;;е;д;;;;;PART;ƒ≈;PART;;
17;&;&;PUNC;;;;;;;;;PUNC;&;PUNC;;
18;quot;QUOT;NONLEX;;;;;;;;;NONLEX;QUOT;NONLEX;;
19;";";";";SENT;;;;;;;;;SENT;";";SENT;;
;;;;;;;;;;;;;;;;
1;&;&;PUNC;;;;;;;;;PUNC;&;PUNC;;
2;gt;GT;NONLEX;;;;;;;;;NONLEX;GT;NONLEX;;
3;";";";";PUNC;;;;;;;;;PUNC;";";PUNC;;
4;деле;ƒ≈Ћќ;S n inan loc sg;;;е;л;е;д;;;S;ƒ≈Ћќ;S n inan loc sg;;
5;&;&;PUNC;;;;;;;;;PUNC;&;PUNC;;
6;lt;LT;NONLEX;;;;;;;;;NONLEX;LT;NONLEX;;
7;";";";";SENT;;;;;;;;;SENT;";";SENT;;
;;;;;;;;;;;;;;;;
1;/;/;PUNC;;;;;;;;;PUNC;/;PUNC;;
2;distinct;DISTINCT;NONLEX;;;;;;;;;NONLEX;DISTINCT;NONLEX;;
3;&;&;PUNC;;;;;;;;;PUNC;&;PUNC;;
4;gt;GT;NONLEX;;;;;;;;;NONLEX;GT;NONLEX;;
5;";";";";SENT;;;;;;;;;SENT;";";SENT;;
;;;;;;;;;;;;;;;;
1;,;,;PUNC;;;;;;;;;PUNC;,;PUNC;;
2;в;¬;PR;;;в;;;;;;PR;¬;PR;;
3;четыре;„≈“џ–≈;NUM acc inan -;;;е;р;ы;т;е;ч;NUM;„≈“џ–≈;NUM nom - -;;
4;года;√ќƒ;S m inan gen sg;;;а;д;о;г;;;S;√ќƒ;S m inan gen sg;;
5;,;,;PUNC;;;;;;;;;PUNC;,;PUNC;;
6;€;я;SPRO sg 1p - nom;;;€;;;;;;SPRO;я;SPRO sg 1p - nom;;
7;думаю;ƒ”ћј“№;V ipf praes sg indic - 1p;;;ю;а;м;у;д;;V;ƒ”ћј“№;V ipf praes sg indic - 1p;;
8;,;,;PUNC;;;;;;;;;PUNC;,;PUNC;;
9;€;я;SPRO sg 1p - nom;;;€;;;;;;SPRO;я;SPRO sg 1p - nom;;
10;не;Ќ≈;PART;;;е;н;;;;;PART;Ќ≈;PART;;
11;понимала;ѕќЌ»ћј“№;V ipf praet sg indic f -;;;а;л;а;м;и;н;V;ѕќЌ»ћј“№;V ipf praet sg indic f -;;
12;вообще;¬ќќЅў≈;ADV -;;;е;щ;б;о;о;в;ADV;¬ќќЅў≈;ADV -;;
13;,;,;PUNC;;;;;;;;;PUNC;,;PUNC;;
14;что;„“ќ;SPRO sg n acc inan;;;о;т;ч;;;;CONJ;„“ќ;CONJ;;
15;€;я;SPRO sg 1p - nom;;;€;;;;;;SPRO;я;SPRO sg 1p - nom;;
16;делаю;ƒ≈Ћј“№;V ipf praes sg indic - 1p;;;ю;а;л;е;д;;V;ƒ≈Ћј“№;V ipf praes sg indic - 1p;;
17;ээ;Ё;NONLEX;;;э;э;;;;;NONLEX;ЁЁ;NONLEX;;
18;,;,;PUNC;;;;;;;;;PUNC;,;PUNC;;
19;несмотр€ на;несмотр€ на;;раздельно;;а;н; ;€;р;т;ZERO;несмотр€ на;ZERO;;
20;то;“ќ;SPRO sg n acc inan;;;о;т;;;;;S;“ќ;S n inan acc sg;;
21;,;,;PUNC;;;;;;;;;PUNC;,;PUNC;;
22;что;„“ќ;CONJ;;;о;т;ч;;;;CONJ;„“ќ;CONJ;;
23;мой;ћќ…;APRO sg m nom;;;й;о;м;;;;A;ћќ…;A - nom sg plen m -;;
24;папа;ѕјѕј;S m anim nom sg;;;а;п;а;п;;;S;ѕјѕј;S m anim nom sg;;
25;,;,;PUNC;;;;;;;;;PUNC;,;PUNC;;
26;он;ќЌ;SPRO sg 3p m nom;;;н;о;;;;;SPRO;ќЌ;SPRO sg 3p m nom;;
27;как-то; ј -“ќ;ADVPRO;;;о;т;;к;а;к;ADV; ј -“ќ;ADV -;;
28;всегда;¬—≈√ƒј;ADVPRO;;;а;д;г;е;с;в;ADV;¬—≈√ƒј;ADV -;;
29;пыталс€;ѕџ“ј“№—я;V ipf praet sg indic m -;;;€;с;л;а;т;ы;V;ѕџ“ј“№—я;V ipf praet sg indic m -;;
30;мне;я;SPRO sg 1p - dat;;;е;н;м;;;;SPRO;я;SPRO sg 1p - loc;;
31;показать;ѕќ ј«ј“№;V pf - - inf - -;;;ь;т;а;з;а;к;V;ѕќ ј«ј“№;V pf - - inf - -;;
32;это;Ё“ќ;SPRO sg acc n;;;о;т;э;;;;S;Ё“ќ;S n - nom sg;;
33;всЄ;¬—≈;SPRO sg acc n;;;Є;с;в;;;;S;¬—≈;S - - acc pl;;
34;.;.;SENT;;;;;;;;;SENT;.;SENT;;
;;;;;;;;;;;;;;;;
1;ќн;ќЌ;SPRO sg 3p m nom;;;н;о;;;;;SPRO;ќЌ;SPRO sg 3p m nom;;
2;м;ћ;NONLEX;;;м;;;;;;S;ћ;S - - nonflex nonflex;;
3;возил;¬ќ«»“№;V ipf praet sg indic m -;;;л;и;з;о;в;;V;¬ќ«»“№;V ipf praet sg indic m -;;
4;мен€;я;SPRO sg 1p - acc;;;€;н;е;м;;;SPRO;я;SPRO sg 1p - acc;;
5;на;Ќј;PR;;;а;н;;;;;PR;Ќј;PR;;
6;руках;–” ј;S f inan loc pl;;;х;а;к;у;р;;S;–” ј;S f inan loc pl;;
7;,;,;PUNC;;;;;;;;;PUNC;,;PUNC;;
8;показыва€;ѕќ ј«џ¬ј“№;V ipf praes - ger - -;;;€;а;в;ы;з;а;V;ѕќ ј«џ¬ј“№;V ipf praes - ger - -;;
9;,;,;PUNC;;;;;;;;;PUNC;,;PUNC;;
10;как; ј ;ADVPRO;;;к;а;к;;;;CONJ; ј ;CONJ;;
11;это;Ё“ќ;SPRO sg nom n;;;о;т;э;;;;S;Ё“ќ;S n - nom sg;;
12;круто; –”“ќ;ADV -;;;о;т;у;р;к;;ADV; –”“ќ;ADV -;;
13;-;-;PUNC;;;;;;;;;PUNC;-;PUNC;;
14;спускатьс€;—ѕ”— ј“№—я;V ipf - - inf - -;;;€;с;ь;т;а;к;V;—ѕ”— ј“№—я;V ipf - - inf - -;;
15;вниз;¬Ќ»«;ADV -;;;з;и;н;в;;;ADV;¬Ќ»«;ADV -;;
16;с;—;PR;;;с;;;;;;PR;—;PR;;
17;горы;√ќ–ј;S f inan gen sg;;;ы;р;о;г;;;S;√ќ–ј;S f inan gen sg;;
18;.;.;SENT;;;;;;;;;SENT;.;SENT;;
;;;;;;;;;;;;;;;;
1;Ќо;Ќќ;CONJ;;;о;н;;;;;CONJ;Ќќ;CONJ;;
2;€;я;SPRO sg 1p - nom;;;€;;;;;;SPRO;я;SPRO sg 1p - nom;;
3;всЄ-таки;¬—≈-“ј »;PART;;;и;к;а;т;;Є;PART;¬—≈-“ј »;PART;;
4;сомневаюсь;—ќћЌ≈¬ј“№—я;V ipf praes sg indic - 1p;;;ь;с;ю;а;в;е;V;—ќћЌ≈¬ј“№—я;V ipf praes sg indic - 1p;;
5;,;,;PUNC;;;;;;;;;PUNC;,;PUNC;;
6;что;„“ќ;CONJ;;;о;т;ч;;;;CONJ;„“ќ;CONJ;;
7;&;&;PUNC;;;;;;;;;PUNC;&;PUNC;;
8;lt;LT;NONLEX;;;;;;;;;NONLEX;LT;NONLEX;;
9;";";";";PUNC;;;;;;;;;PUNC;";";PUNC;;
10;span;SPAN;NONLEX;;;;;;;;;NONLEX;SPAN;NONLEX;;
11;class;CLASS;NONLEX;;;;;;;;;NONLEX;CLASS;NONLEX;;
12;=;=;PUNC;;;;;;;;;PUNC;=;PUNC;;
13;&;&;PUNC;;;;;;;;;PUNC;&;PUNC;;
14;quot;QUOT;NONLEX;;;;;;;;;NONLEX;QUOT;NONLEX;;
15;";";";";PUNC;;;;;;;;;PUNC;";";PUNC;;
16;note;NOTE;NONLEX;;;;;;;;;NONLEX;NOTE;NONLEX;;
17;&;&;PUNC;;;;;;;;;PUNC;&;PUNC;;
18;quot;QUOT;NONLEX;;;;;;;;;NONLEX;QUOT;NONLEX;;
19;";";";";SENT;;;;;;;;;SENT;";";SENT;;
;;;;;;;;;;;;;;;;
1;&;&;PUNC;;;;;;;;;PUNC;&;PUNC;;
2;gt;GT;NONLEX;;;;;;;;;NONLEX;GT;NONLEX;;
3;";";";";SENT;;;;;;;;;SENT;";";SENT;;
;;;;;;;;;;;;;;;;
1;—мех;—ћ≈’;S m inan nom sg;не нужно(?);;х;е;м;с;;;S;—ћ≈’;S m inan nom sg;;
2;&;&;PUNC;;;;;;;;;PUNC;&;PUNC;;
3;lt;LT;NONLEX;;;;;;;;;NONLEX;LT;NONLEX;;
4;";";";";SENT;;;;;;;;;SENT;";";SENT;;
;;;;;;;;;;;;;;;;
1;/;/;PUNC;;;;;;;;;PUNC;/;PUNC;;
2;span;SPAN;NONLEX;;;;;;;;;NONLEX;SPAN;NONLEX;;
3;&;&;PUNC;;;;;;;;;PUNC;&;PUNC;;
4;gt;GT;NONLEX;;;;;;;;;NONLEX;GT;NONLEX;;
5;";";";";SENT;;;;;;;;;SENT;";";SENT;;
;;;;;;;;;;;;;;;;
1;в;¬;PR;;;в;;;;;;PR;¬;PR;;
2;четыре;„≈“џ–≈;NUM acc inan -;;;е;р;ы;т;е;ч;NUM;„≈“џ–≈;NUM nom - -;;
3;года;√ќƒ;S m inan gen sg;;;а;д;о;г;;;S;√ќƒ;S m inan gen sg;;
4;€;я;SPRO sg 1p - nom;;;€;;;;;;SPRO;я;SPRO sg 1p - nom;;
5;что-то;„“ќ-“ќ;SPRO sg n acc inan;;;о;т;;о;т;ч;S;„“ќ-“ќ;S n - acc sg;;
6;понимала;ѕќЌ»ћј“№;V ipf praet sg indic f -;;;а;л;а;м;и;н;V;ѕќЌ»ћј“№;V ipf praet sg indic f -;;
7;.;.;SENT;;;;;;;;;SENT;.;SENT;;
;;;;;;;;;;;;;;;;
1;јнна;јЌЌј;S f persn anim nom sg;;;а;н;н;а;;;S;јЌЌј;S f anim nom sg;;
2;@;@;PUNC;;;;;;;;;PUNC;@;PUNC;;
3;»;»;CONJ;;;и;;;;;;CONJ;»;CONJ;;
4;на;Ќј;PR;;;а;н;;;;;PR;Ќј;PR;;
5;самом;—јћџ…;A - loc sg plen n inan;;;м;о;м;а;с;;A;—јћџ…;A - loc sg plen n -;;
6;деле;ƒ≈Ћќ;S n inan loc sg;;;е;л;е;д;;;S;ƒ≈Ћќ;S n inan loc sg;;
7;тогда;“ќ√ƒј;ADVPRO;;;а;д;г;о;т;;ADV;“ќ√ƒј;ADV -;;
8;произошла;ѕ–ќ»«ќ…“»;V pf praet sg indic f -;;;а;л;ш;о;з;и;V;ѕ–ќ»«ќ…“»;V pf praet sg indic f -;;
9;довольно;ƒќ¬ќЋ№Ќќ;ADV -;;;о;н;ь;л;о;в;ADV;ƒќ¬ќЋ№Ќќ;ADV -;;
10;забавна€;«јЅј¬Ќџ…;A - nom sg plen f -;;;€;а;н;в;а;б;A;«јЅј¬Ќџ…;A - nom sg plen f -;;
11;истори€;»—“ќ–»я;S f inan nom sg;;;€;и;р;о;т;с;S;»—“ќ–»я;S f inan nom sg;;
12;,;,;PUNC;;;;;;;;;PUNC;,;PUNC;;
13;потому что;потому что;;раздельно;;о;т;ч; ;у;м;ZERO;потому что;ZERO;;
14;не;Ќ≈;PART;;;е;н;;;;;PART;Ќ≈;PART;;
15;всЄ;¬—≈;SPRO sg n nom;;;Є;с;в;;;;S;¬—≈;S n - nom sg;;
16;пошло;ѕќ…“»;V pf praet sg indic n -;;;о;л;ш;о;п;;V;ѕќ…“»;V pf praet sg indic n -;;
17;гладко;√Ћјƒ ќ;ADV -;;;о;к;д;а;л;г;ADV;√Ћјƒ ќ;ADV -;;
18;.;.;SENT;;;;;;;;;SENT;.;SENT;;
;;;;;;;;;;;;;;;;
1;ƒело;ƒ≈Ћќ;S n inan nom sg;;;о;л;е;д;;;S;ƒ≈Ћќ;S n inan nom sg;;
2;в;¬;PR;;;в;;;;;;PR;¬;PR;;
3;том;“ќ;SPRO sg n loc inan;;;м;о;т;;;;S;“ќ;S n - loc sg;;
4;,;,;PUNC;;;;;;;;;PUNC;,;PUNC;;
5;что;„“ќ;CONJ;;;о;т;ч;;;;CONJ;„“ќ;CONJ;;
6;в;¬;PR;;;в;;;;;;PR;¬;PR;;
7;тот;“ќ“;APRO sg m acc inan;;;т;о;т;;;;A;“ќ“;A - acc sg plen m inan;;
8;день;ƒ≈Ќ№;S m inan acc sg;;;ь;н;е;д;;;S;ƒ≈Ќ№;S m inan acc sg;;
9;€;я;SPRO sg 1p - nom;;;€;;;;;;SPRO;я;SPRO sg 1p - nom;;
10;с;—;PR;;;с;;;;;;PR;—;PR;;
11;мамой;ћјћј;S f anim ins sg;;;й;о;м;а;м;;S;ћјћј;S f anim ins sg;;
12;вечером;¬≈„≈–;S m inan ins sg;;;м;о;р;е;ч;е;S;¬≈„≈–;S m inan ins sg;;
13;каталась; ј“ј“№—я;V ipf praet sg indic f -;;;ь;с;а;л;а;т;V; ј“ј“№—я;V ipf praet sg indic f -;;
14;на;Ќј;PR;;;а;н;;;;;PR;Ќј;PR;;
15;санках;—јЌ »;S - inan loc pl;;;х;а;к;н;а;с;S;—јЌ »;S - inan loc pl;;
16;с;—;PR;;;с;;;;;;PR;—;PR;;
17;той;“ќ“;APRO sg f gen inan;;;й;о;т;;;;A;“ќ“;A - loc sg plen f -;;
18;же;∆≈;PART;;;е;ж;;;;;PART;∆≈;PART;;
19;самой;—јћџ…;APRO sg f gen inan;;;й;о;м;а;с;;A;—јћџ…;A - gen sg plen f -;;
20;горы;√ќ–ј;S f inan gen sg;;;ы;р;о;г;;;S;√ќ–ј;S f inan gen sg;;
21;.;.;SENT;;;;;;;;;SENT;.;SENT;;
;;;;;;;;;;;;;;;;
1;»;»;CONJ;;;и;;;;;;CONJ;»;CONJ;;
2;€;я;SPRO sg 1p - nom;;;€;;;;;;SPRO;я;SPRO sg 1p - nom;;
3;начала;Ќј„ј“№;V pf praet sg indic f -;;;а;л;а;ч;а;н;S;Ќј„јЋќ;S n inan acc pl;;
4;падать;ѕјƒј“№;V ipf - - inf - -;;;ь;т;а;д;а;п;V;ѕјƒј“№;V ipf - - inf - -;;
5;!;!;SENT;;;;;;;;;SENT;!;SENT;;
;;;;;;;;;;;;;;;;
1;ћама;ћјћј;S f anim nom sg;;;а;м;а;м;;;S;ћјћј;S f anim nom sg;;
2;сто€ла;—“ќя“№;V ipf praet sg indic f -;;;а;л;€;о;т;с;V;—“ќя“№;V ipf praet sg indic f -;;
3;чуть;„”“№;ADV -;;;ь;т;у;ч;;;ADV;„”“№;ADV -;;
4;ниже;Ќ»« ќ;ADV comp;;;е;ж;и;н;;;ADV;Ќ»« ќ;ADV comp;;
5;мен€;я;SPRO sg 1p - gen;;;€;н;е;м;;;SPRO;я;SPRO sg 1p - acc;;
6;,;,;PUNC;;;;;;;;;PUNC;,;PUNC;;
7;и;»;CONJ;;;и;;;;;;CONJ;»;CONJ;;
8;она;ќЌј;SPRO sg 3p f nom;;;а;н;о;;;;SPRO;ќЌј;SPRO sg 3p f nom;;
9;сделала;—ƒ≈Ћј“№;V pf praet sg indic f -;;;а;л;а;л;е;д;V;—ƒ≈Ћј“№;V pf praet sg indic f -;;
10;шаг;Ўј√;S m inan acc sg;;;г;а;ш;;;;S;Ўј√;S m inan acc sg;;
11;вперЄд;¬ѕ≈–≈ƒ;ADV -;;;д;Є;р;е;п;в;ADV;¬ѕ≈–≈ƒ;ADV -;;
12;ко; ќ;PR;;;о;к;;;;;PR; ќ;PR;;
13;мне;я;SPRO sg 1p - loc;;;е;н;м;;;;SPRO;я;SPRO sg 1p - loc;;
14;,;,;PUNC;;;;;;;;;PUNC;,;PUNC;;
15;и;»;CONJ;;;и;;;;;;CONJ;»;CONJ;;
16;€;я;SPRO sg 1p - nom;;;€;;;;;;SPRO;я;SPRO sg 1p - nom;;
17;врезалась;¬–≈«ј“№—я;V pf praet sg indic f -;;;ь;с;а;л;а;з;V;¬–≈«ј“№—я;V pf praet sg indic f -;;
18;носом;Ќќ—;S m inan ins sg;;;м;о;с;о;н;;S;Ќќ—;S m inan ins sg;;
19;в;¬;PR;;;в;;;;;;PR;¬;PR;;
20;еЄ;≈≈;APRO;;;Є;е;;;;;A;≈≈;A - nonflex nonflex plen - -;;
21;коленку; ќЋ≈Ќ ј;S f inan acc sg;;;у;к;н;е;л;о;S; ќЋ≈Ќ ј;S f inan acc sg;;
22;.;.;SENT;;;;;;;;;SENT;.;SENT;;
;;;;;;;;;;;;;;;;
1;¬;¬;PR;;;в;;;;;;PR;¬;PR;;
2;общем;ќЅў»…;A - loc sg plen n inan;;;м;е;щ;б;о;;A;ќЅў»…;A - loc sg plen m -;;
3;,;,;PUNC;;;;;;;;;PUNC;,;PUNC;;
4;после;ѕќ—Ћ≈;PR;;;е;л;с;о;п;;PR;ѕќ—Ћ≈;PR;;
5;этого;Ё“ќ;SPRO sg n inan gen;;;о;г;о;т;э;;S;Ё“ќ;S n - gen sg;;
6;,;,;PUNC;;;;;;;;;PUNC;,;PUNC;;
7;естественно;≈—“≈—“¬≈ЌЌќ;PARENTH;;;о;н;н;е;в;т;ADV;≈—“≈—“¬≈ЌЌќ;ADV -;;
8;,;,;PUNC;;;;;;;;;PUNC;,;PUNC;;
9;мен€;я;SPRO sg 1p - acc;;;€;н;е;м;;;SPRO;я;SPRO sg 1p - acc;;
10;было;Ѕџ“№;V ipf praet sg indic n -;;;о;л;ы;б;;;V;Ѕџ“№;V ipf praet sg indic n -;;
11;без;Ѕ≈«;PR;;;з;е;б;;;;PR;Ѕ≈«;PR;;
12;слЄз;—Ћ≈«ј;S f inan gen pl;;;з;Є;л;с;;;S;—Ћ≈«ј;S f inan gen pl;;
13;не;Ќ≈;PART;;;е;н;;;;;PART;Ќ≈;PART;;
14;подтащить;ѕќƒ“јў»“№;V pf - - inf - -;;;ь;т;и;щ;а;т;V;ѕќƒ“јў»“№;V pf - - inf - -;;
15;к; ;PR;;;к;;;;;;PR; ;PR;;
16;склону;— ЋќЌ;S m inan dat sg;;;у;н;о;л;к;с;S;— ЋќЌ;S m inan dat sg;;
17;,;,;PUNC;;;;;;;;;PUNC;,;PUNC;;
18;поэтому;ѕќЁ“ќћ”;ADVPRO;;;у;м;о;т;э;о;ADV;ѕќЁ“ќћ”;ADV -;;
19;родители;–ќƒ»“≈Ћ№;S m anim nom pl;;;и;л;е;т;и;д;S;–ќƒ»“≈Ћ№;S m anim nom pl;;
20;оставили;ќ—“ј¬»“№;V pf praet pl indic - -;;;и;л;и;в;а;т;V;ќ—“ј¬»“№;V pf praet pl indic - -;;
21;всЄ;¬≈—№;APRO n sg acc;;;Є;с;в;;;;A;¬≈—№;A - nom pl plen - -;;
22;это;Ё“ќ“;APRO n sg acc;;;о;т;э;;;;A;Ё“ќ“;A - acc sg plen n -;;
23;дело;ƒ≈Ћќ;S n inan acc sg;;;о;л;е;д;;;S;ƒ≈Ћќ;S n inan nom sg;;
24;и;»;CONJ;;;и;;;;;;CONJ;»;CONJ;;
25;отложили;ќ“Ћќ∆»“№;V pf praet pl indic - -;;;и;л;и;ж;о;л;V;ќ“Ћќ∆»“№;V pf praet pl indic - -;;
26;на;Ќј;PR;;;а;н;;;;;PR;Ќј;PR;;
27;следующий;—Ћ≈ƒ”ёў»…;A - acc sg plen m inan;;;й;и;щ;ю;у;д;A;—Ћ≈ƒ”ёў»…;A - acc sg plen m inan;;
28;сезон;—≈«ќЌ;S m inan acc sg;;;н;о;з;е;с;;S;—≈«ќЌ;S m inan acc sg;;
29;.;.;SENT;;;;;;;;;SENT;.;SENT;;
;;;;;;;;;;;;;;;;
1;&;&;PUNC;;;;;;;;;PUNC;&;PUNC;;
2;lt;LT;NONLEX;;;;;;;;;NONLEX;LT;NONLEX;;
3;";";";";PUNC;;;;;;;;;PUNC;";";PUNC;;
4;distinct;DISTINCT;NONLEX;;;;;;;;;NONLEX;DISTINCT;NONLEX;;
5;form;FORM;NONLEX;;;;;;;;;NONLEX;FORM;NONLEX;;
6;=;=;PUNC;;;;;;;;;PUNC;=;PUNC;;
7;&;&;PUNC;;;;;;;;;PUNC;&;PUNC;;
8;quot;QUOT;NONLEX;;;;;;;;;NONLEX;QUOT;NONLEX;;
9;";";";";SENT;;;;;;;;;SENT;";";SENT;;
;;;;;;;;;;;;;;;;
1;¬оот;¬ќ“;PART;distort;;т;о;о;в;;;S;¬ќќ“;S n inan nonflex nonflex;;
2;&;&;PUNC;;;;;;;;;PUNC;&;PUNC;;
3;quot;QUOT;NONLEX;;;;;;;;;NONLEX;QUOT;NONLEX;;
4;";";";";SENT;;;;;;;;;SENT;";";SENT;;
;;;;;;;;;;;;;;;;
1;&;&;PUNC;;;;;;;;;PUNC;&;PUNC;;
2;gt;GT;NONLEX;;;;;;;;;NONLEX;GT;NONLEX;;
3;";";";";SENT;;;;;;;;;SENT;";";SENT;;
;;;;;;;;;;;;;;;;
1;¬от;¬ќ“;PART;;;т;о;в;;;;PART;¬ќ“;PART;;
2;&;&;PUNC;;;;;;;;;PUNC;&;PUNC;;
3;lt;LT;NONLEX;;;;;;;;;NONLEX;LT;NONLEX;;
4;";";";";SENT;;;;;;;;;SENT;";";SENT;;
;;;;;;;;;;;;;;;;
1;/;/;PUNC;;;;;;;;;PUNC;/;PUNC;;
2;distinct;DISTINCT;NONLEX;;;;;;;;;NONLEX;DISTINCT;NONLEX;;
3;&;&;PUNC;;;;;;;;;PUNC;&;PUNC;;
4;gt;GT;NONLEX;;;;;;;;;NONLEX;GT;NONLEX;;
5;";";";";SENT;;;;;;;;;SENT;";";SENT;;
;;;;;;;;;;;;;;;;
1;јнна;јЌЌј;S f persn anim nom sg;;;а;н;н;а;;;S;јЌЌј;S f anim nom sg;;
2;@;@;PUNC;;;;;;;;;PUNC;@;PUNC;;
3;јаа;ј;INTJ;distort;;а;а;а;;;;S;јјј;S m inan nonflex nonflex;;
4;...;...;SENT;;;;;;;;;SENT;...;SENT;;
;;;;;;;;;;;;;;;;
1;Ќу;Ќ”;PART;;;у;н;;;;;PART;Ќ”;PART;;
2;вообще;¬ќќЅў≈;PARENTH;;;е;щ;б;о;о;в;ADV;¬ќќЅў≈;ADV -;;
3;с;—;PR;;;с;;;;;;PR;—;PR;;
4;шести;Ў≈—“№;NUM gen inan -;;;и;т;с;е;ш;;NUM;Ў≈—“№;NUM loc - -;;
5;лет;√ќƒ;S m inan gen pl;;;т;е;л;;;;S;√ќƒ;S m inan gen pl;;
6;€;я;SPRO sg 1p - nom;;;€;;;;;;SPRO;я;SPRO sg 1p - nom;;
7;начала;Ќј„ј“№;V pf praet sg indic f -;;;а;л;а;ч;а;н;S;Ќј„јЋќ;S n inan acc pl;;
8;заниматьс€;«јЌ»ћј“№—я;V ipf - - inf - -;;;€;с;ь;т;а;м;V;«јЌ»ћј“№—я;V ipf - - inf - -;;
9;именно;»ћ≈ЌЌќ;PART;;;о;н;н;е;м;и;PART;»ћ≈ЌЌќ;PART;;
10;с;—;PR;;;с;;;;;;PR;—;PR;;
11;тренером;“–≈Ќ≈–;S m anim ins sg;;;м;о;р;е;н;е;S;“–≈Ќ≈–;S m anim ins sg;;
12;.;.;SENT;;;;;;;;;SENT;.;SENT;;
;;;;;;;;;;;;;;;;
1;Ќикто;Ќ» “ќ;SPRO m sg nom anim;;;о;т;к;и;н;;S;Ќ» “ќ;S m - nom sg;;
2;,;,;PUNC;;;;;;;;;PUNC;,;PUNC;;
3;естественно;≈—“≈—“¬≈ЌЌќ;PARENTH;;;о;н;н;е;в;т;ADV;≈—“≈—“¬≈ЌЌќ;ADV -;;
4;,;,;PUNC;;;;;;;;;PUNC;,;PUNC;;
5;не;Ќ≈;PART;;;е;н;;;;;PART;Ќ≈;PART;;
6;хотел;’ќ“≈“№;V ipf praet sg indic m -;;;л;е;т;о;х;;V;’ќ“≈“№;V ipf praet sg indic m -;;
7;сделать;—ƒ≈Ћј“№;V pf - - inf - -;;;ь;т;а;л;е;д;V;—ƒ≈Ћј“№;V pf - - inf - -;;
8;из;»«;PR;;;з;и;;;;;PR;»«;PR;;
9;мен€;я;SPRO sg 1p - acc;;;€;н;е;м;;;SPRO;я;SPRO sg 1p - acc;;
10;спортсмена;—ѕќ–“—ћ≈Ќ;S m anim gen sg;;;а;н;е;м;с;т;S;—ѕќ–“—ћ≈Ќ;S m anim gen sg;;
11;,;,;PUNC;;;;;;;;;PUNC;,;PUNC;;
12;ничего;Ќ»„“ќ;SPRO n inan gen sg;;;о;г;е;ч;и;н;S;Ќ»„“ќ;S n - gen sg;;
13;такого;“ј ќ…;APRO sg n gen;;;о;г;о;к;а;т;A;“ј ќ…;A - gen sg plen m -;;
14;.;.;SENT;;;;;;;;;SENT;.;SENT;;
;;;;;;;;;;;;;;;;
1;ѕросто;ѕ–ќ—“ќ;PART;;;о;т;с;о;р;п;PART;ѕ–ќ—“ќ;PART;;
2;было;Ѕџ“№;V ipf praet sg indic n -;;;о;л;ы;б;;;V;Ѕџ“№;V ipf praet sg indic n -;;
3;интересно;»Ќ“≈–≈—Ќќ;PRAEDIC;;;о;н;с;е;р;е;ADV;»Ќ“≈–≈—Ќќ;ADV -;;
4;кататьс€; ј“ј“№—я;V ipf - - inf - -;;;€;с;ь;т;а;т;V; ј“ј“№—я;V ipf - - inf - -;;
5;,;,;PUNC;;;;;;;;;PUNC;,;PUNC;;
6;заниматьс€;«јЌ»ћј“№—я;V ipf - - inf - -;;;€;с;ь;т;а;м;V;«јЌ»ћј“№—я;V ipf - - inf - -;;
7;";";";";SENT;;;;;;;;;SENT;";";SENT;;
;;;;;;;;;;;;;;;;
1;€;я;SPRO sg 1p - nom;;;€;;;;;;SPRO;я;SPRO sg 1p - nom;;
2;была;Ѕџ“№;V ipf praet sg indic f -;;;а;л;ы;б;;;V;Ѕџ“№;V ipf praet sg indic f -;;
3;маленькой;ћјЋ≈Ќ№ »…;A - gen sg plen f anim;;;й;о;к;ь;н;е;A;ћјЋ≈Ќ№ »…;A - gen sg plen f -;;
4;,;,;PUNC;;;;;;;;;PUNC;,;PUNC;;
5;€;я;SPRO sg 1p - nom;;;€;;;;;;SPRO;я;SPRO sg 1p - nom;;
6;мало;ћјЋќ;NUM acc;;;о;л;а;м;;;ADV;ћјЋќ;ADV -;;
7;чего;„“ќ;SPRO n gen sg;;;о;г;е;ч;;;S;„“ќ;S n - gen sg;;
8;понимала;ѕќЌ»ћј“№;V ipf praet sg indic f -;;;а;л;а;м;и;н;V;ѕќЌ»ћј“№;V ipf praet sg indic f -;;
9;,;,;PUNC;;;;;;;;;PUNC;,;PUNC;;
10;мне;я;SPRO sg 1p - loc;;;е;н;м;;;;SPRO;я;SPRO sg 1p - loc;;
11;кажетс€; ј«ј“№—я;V ipf praes sg indic - 3p;;;€;с;т;е;ж;а;V; ј«ј“№—я;V ipf praes sg indic - 3p;;
12;.;.;SENT;;;;;;;;;SENT;.;SENT;;
;;;;;;;;;;;;;;;;
1;јнна;јЌЌј;S f persn anim nom sg;;;а;н;н;а;;;S;јЌЌј;S f anim nom sg;;
2;@;@;PUNC;;;;;;;;;PUNC;@;PUNC;;
3;Ќо;Ќќ;CONJ;;;о;н;;;;;CONJ;Ќќ;CONJ;;
4;всЄ;¬—≈;SPRO sg acc n;;;Є;с;в;;;;S;¬—≈;S n - nom sg;;
5;изменилось;»«ћ≈Ќ»“№—я;V pf praet sg indic n -;;;ь;с;о;л;и;н;V;»«ћ≈Ќ»“№—я;V pf praet sg indic n -;;
6;тогда;“ќ√ƒј;ADVPRO;;;а;д;г;о;т;;ADV;“ќ√ƒј;ADV -;;
7;,;,;PUNC;;;;;;;;;PUNC;,;PUNC;;
8;когда; ќ√ƒј;CONJ;;;а;д;г;о;к;;CONJ; ќ√ƒј;CONJ;;
9;€;я;SPRO sg 1p - nom;;;€;;;;;;SPRO;я;SPRO sg 1p - nom;;
10;первый;ѕ≈–¬џ…;ANUM sg m acc;;;й;ы;в;р;е;п;A;ѕ≈–¬џ…;A - nom sg plen m -;;
11;раз;–ј«;S m inan acc sg;;;з;а;р;;;;S;–ј«;S m inan acc sg;;
12;выиграла;¬џ»√–ј“№;V pf praet sg indic f -;;;а;л;а;р;г;и;V;¬џ»√–ј“№;V pf praet sg indic f -;;
13;соревнование;—ќ–≈¬Ќќ¬јЌ»≈;S n inan acc sg;;;е;и;н;а;в;о;S;—ќ–≈¬Ќќ¬јЌ»≈;S n inan acc sg;;
14;.;.;SENT;;;;;;;;;SENT;.;SENT;;
;;;;;;;;;;;;;;;;
1;“огда;“ќ√ƒј;ADVPRO;;;а;д;г;о;т;;ADV;“ќ√ƒј;ADV -;;
2;включилс€;¬ Ћё„»“№—я;V pf praet sg indic m -;;;€;с;л;и;ч;ю;V;¬ Ћё„»“№—я;V pf praet sg indic m -;;
3;азарт;ј«ј–“;S m inan nom sg;;;т;р;а;з;а;;S;ј«ј–“;S m inan nom sg;;
4;,;,;PUNC;;;;;;;;;PUNC;,;PUNC;;
5;захотелось;«ј’ќ“≈“№—я;V pf praet sg indic n -;;;ь;с;о;л;е;т;V;«ј’ќ“≈“№—я;V pf praet sg indic n -;;
6;ещЄ;≈ў≈;ADV -;;;Є;щ;е;;;;ADV;≈ў≈;ADV -;;
7;.;.;SENT;;;;;;;;;SENT;.;SENT;;
;;;;;;;;;;;;;;;;
1;»;»;CONJ;;;и;;;;;;CONJ;»;CONJ;;
2;€;я;SPRO sg 1p - nom;;;€;;;;;;SPRO;я;SPRO sg 1p - nom;;
3;начала;Ќј„ј“№;V pf praet sg indic f -;;;а;л;а;ч;а;н;S;Ќј„јЋќ;S n inan acc pl;;
4;много;ћЌќ√ќ;ADV -;;;о;г;о;н;м;;ADV;ћЌќ√ќ;ADV -;;
5;участвовать;”„ј—“¬ќ¬ј“№;V ipf - - inf - -;;;ь;т;а;в;о;в;V;”„ј—“¬ќ¬ј“№;V ipf - - inf - -;;
6;в;¬;PR;;;в;;;;;;PR;¬;PR;;
7;соревновани€х;—ќ–≈¬Ќќ¬јЌ»≈;S n inan loc pl;;;х;€;и;н;а;в;S;—ќ–≈¬Ќќ¬јЌ»≈;S n inan loc pl;;
8;,;,;PUNC;;;;;;;;;PUNC;,;PUNC;;
9;много;ћЌќ√ќ;ADV -;;;о;г;о;н;м;;ADV;ћЌќ√ќ;ADV -;;
10;тренироватьс€;“–≈Ќ»–ќ¬ј“№—я;V ipf - - inf - -;;;€;с;ь;т;а;в;V;“–≈Ќ»–ќ¬ј“№—я;V ipf - - inf - -;;
11;.;.;SENT;;;;;;;;;SENT;.;SENT;;
;;;;;;;;;;;;;;;;
1;≈здила;≈«ƒ»“№;V ipf praet sg indic f -;;;а;л;и;д;з;е;V;≈«ƒ»“№;V ipf praet sg indic f -;;
2;даже;ƒј∆≈;PART;;;е;ж;а;д;;;PART;ƒј∆≈;PART;;
3;выступать;¬џ—“”ѕј“№;V ipf - - inf - -;;;ь;т;а;п;у;т;V;¬џ—“”ѕј“№;V ipf - - inf - -;;
4;на;Ќј;PR;;;а;н;;;;;PR;Ќј;PR;;
5;соревновани€;—ќ–≈¬Ќќ¬јЌ»≈;S n inan acc pl;;;€;и;н;а;в;о;S;—ќ–≈¬Ќќ¬јЌ»≈;S n inan gen sg;;
6;российские;–ќ——»…— »…;A - nom pl plen - inan;;;е;и;к;с;й;и;A;–ќ——»…— »…;A - nom pl plen - -;;
7;за;«ј;PR;;;а;з;;;;;PR;«ј;PR;;
8;сборную;—Ѕќ–Ќјя;S f inan acc sg;;;ю;у;н;р;о;б;S;—Ѕќ–Ќјя;S f inan acc sg;;
9;—анкт-ѕетербурга;—јЌ “-ѕ≈“≈–Ѕ”–√;S m inan gen sg;;;а;г;р;у;б;р;S;—јЌ “-ѕ≈“≈–Ѕ”–√;S m inan gen sg;;
10;,;,;PUNC;;;;;;;;;PUNC;,;PUNC;;
11;но;Ќќ;CONJ;;;о;н;;;;;CONJ;Ќќ;CONJ;;
12;,;,;PUNC;;;;;;;;;PUNC;,;PUNC;;
13;к; ;PR;;;к;;;;;;PR; ;PR;;
14;сожалению;—ќ∆јЋ≈Ќ»≈;S n inan dat sg;;;ю;и;н;е;л;а;S;—ќ∆јЋ≈Ќ»≈;S n inan dat sg;;
15;,;,;PUNC;;;;;;;;;PUNC;,;PUNC;;
16;у;”;PR;;;у;;;;;;PR;”;PR;;
17;мен€;я;SPRO sg 1p - gen;;;€;н;е;м;;;SPRO;я;SPRO sg 1p - acc;;
18;это;Ё“ќ;SPRO n sg acc;;;о;т;э;;;;S;Ё“ќ;S n - nom sg;;
19;получалось;ѕќЋ”„ј“№—я;V ipf praet sg indic n -;;;ь;с;о;л;а;ч;V;ѕќЋ”„ј“№—я;V ipf praet sg indic n -;;
20;не;Ќ≈;PART;;;е;н;;;;;PART;Ќ≈;PART;;
21;так;“ј ;ADVPRO;;;к;а;т;;;;ADV;“ј ;ADV -;;
22;хорошо;’ќ–ќЎќ;ADV -;;;о;ш;о;р;о;х;ADV;’ќ–ќЎќ;ADV -;;
23;,;,;PUNC;;;;;;;;;PUNC;,;PUNC;;
24;как; ј ;CONJ;;;к;а;к;;;;CONJ; ј ;CONJ;;
25;,;,;PUNC;;;;;;;;;PUNC;,;PUNC;;
26;возможно;¬ќ«ћќ∆Ќќ;PARENTH;;;о;н;ж;о;м;з;ADV;¬ќ«ћќ∆Ќќ;ADV -;;
27;,;,;PUNC;;;;;;;;;PUNC;,;PUNC;;
28;€;я;SPRO sg 1p - nom;;;€;;;;;;SPRO;я;SPRO sg 1p - nom;;
29;бы;Ѕџ;PART;;;ы;б;;;;;PART;Ѕџ;PART;;
30;хотела;’ќ“≈“№;V ipf praet sg indic f -;;;а;л;е;т;о;х;V;’ќ“≈“№;V ipf praet sg indic f -;;
31;.;.;SENT;;;;;;;;;SENT;.;SENT;;
;;;;;;;;;;;;;;;;
1;јнна;јЌЌј;S f persn anim nom sg;;;а;н;н;а;;;S;јЌЌј;S f anim nom sg;;
2;@;@;PUNC;;;;;;;;;PUNC;@;PUNC;;
3;¬ообще;¬ќќЅў≈;PARENTH;;;е;щ;б;о;о;в;ADV;¬ќќЅў≈;ADV -;;
4;,;,;PUNC;;;;;;;;;PUNC;,;PUNC;;
5;€;я;SPRO sg 1p - nom;;;€;;;;;;SPRO;я;SPRO sg 1p - nom;;
6;очень;ќ„≈Ќ№;ADV -;;;ь;н;е;ч;о;;ADV;ќ„≈Ќ№;ADV -;;
7;хотела;’ќ“≈“№;V ipf praet sg indic f -;;;а;л;е;т;о;х;V;’ќ“≈“№;V ipf praet sg indic f -;;
8;всегда;¬—≈√ƒј;ADVPRO;;;а;д;г;е;с;в;ADV;¬—≈√ƒј;ADV -;;
9;,;,;PUNC;;;;;;;;;PUNC;,;PUNC;;
10;&;&;PUNC;;;;;;;;;PUNC;&;PUNC;;
11;lt;LT;NONLEX;;;;;;;;;NONLEX;LT;NONLEX;;
12;";";";";PUNC;;;;;;;;;PUNC;";";PUNC;;
13;distinct;DISTINCT;NONLEX;;;;;;;;;NONLEX;DISTINCT;NONLEX;;
14;form;FORM;NONLEX;;;;;;;;;NONLEX;FORM;NONLEX;;
15;=;=;PUNC;;;;;;;;;PUNC;=;PUNC;;
16;&;&;PUNC;;;;;;;;;PUNC;&;PUNC;;
17;quot;QUOT;NONLEX;;;;;;;;;NONLEX;QUOT;NONLEX;;
18;";";";";PUNC;;;;;;;;;PUNC;";";PUNC;;
19;чтоб;„“ќЅџ;CONJ;distort;;б;о;т;ч;;;CONJ;„“ќЅ;CONJ;;
20;Т;Т;PUNC;;;;;;;;;PUNC;Т;PUNC;;
21;&;&;PUNC;;;;;;;;;PUNC;&;PUNC;;
22;quot;QUOT;NONLEX;;;;;;;;;NONLEX;QUOT;NONLEX;;
23;";";";";SENT;;;;;;;;;SENT;";";SENT;;
;;;;;;;;;;;;;;;;
1;&;&;PUNC;;;;;;;;;PUNC;&;PUNC;;
2;gt;GT;NONLEX;;;;;;;;;NONLEX;GT;NONLEX;;
3;";";";";PUNC;;;;;;;;;PUNC;";";PUNC;;
4;чтобы;„“ќЅџ;CONJ;;;ы;б;о;т;ч;;CONJ;„“ќЅџ;CONJ;;
5;&;&;PUNC;;;;;;;;;PUNC;&;PUNC;;
6;lt;LT;NONLEX;;;;;;;;;NONLEX;LT;NONLEX;;
7;";";";";SENT;;;;;;;;;SENT;";";SENT;;
;;;;;;;;;;;;;;;;
1;/;/;PUNC;;;;;;;;;PUNC;/;PUNC;;
2;distinct;DISTINCT;NONLEX;;;;;;;;;NONLEX;DISTINCT;NONLEX;;
3;&;&;PUNC;;;;;;;;;PUNC;&;PUNC;;
4;gt;GT;NONLEX;;;;;;;;;NONLEX;GT;NONLEX;;
5;";";";";SENT;;;;;;;;;SENT;";";SENT;;
;;;;;;;;;;;;;;;;
1;у;”;PR;;;у;;;;;;PR;”;PR;;
2;мен€;я;SPRO sg 1p - acc;;;€;н;е;м;;;SPRO;я;SPRO sg 1p - acc;;
3;был;Ѕџ“№;V ipf praet sg indic m -;;;л;ы;б;;;;V;Ѕџ“№;V ipf praet sg indic m -;;
4;&;&;PUNC;;;;;;;;;PUNC;&;PUNC;;
5;lt;LT;NONLEX;;;;;;;;;NONLEX;LT;NONLEX;;
6;";";";";PUNC;;;;;;;;;PUNC;";";PUNC;;
7;distinct;DISTINCT;NONLEX;;;;;;;;;NONLEX;DISTINCT;NONLEX;;
8;form;FORM;NONLEX;;;;;;;;;NONLEX;FORM;NONLEX;;
9;=;=;PUNC;;;;;;;;;PUNC;=;PUNC;;
10;&;&;PUNC;;;;;;;;;PUNC;&;PUNC;;
11;quot;QUOT;NONLEX;;;;;;;;;NONLEX;QUOT;NONLEX;;
12;";";";";PUNC;;;;;;;;;PUNC;";";PUNC;;
13;кэмээс; ћ—;NONLEX;abbr;;с;э;э;м;э;к;S; ЁћЁЁ—;S m inan acc sg;;
14;Т;Т;PUNC;;;;;;;;;PUNC;Т;PUNC;;
15;&;&;PUNC;;;;;;;;;PUNC;&;PUNC;;
16;quot;QUOT;NONLEX;;;;;;;;;NONLEX;QUOT;NONLEX;;
17;";";";";SENT;;;;;;;;;SENT;";";SENT;;
;;;;;;;;;;;;;;;;
1;&;&;PUNC;;;;;;;;;PUNC;&;PUNC;;
2;gt;GT;NONLEX;;;;;;;;;NONLEX;GT;NONLEX;;
3;";";";";SENT;;;;;;;;;SENT;";";SENT;;
;;;;;;;;;;;;;;;;
1; ћ—; ћ—;NONLEX;abbr;;с;м;к;;;;NONLEX; ћ—;NONLEX;;
2;&;&;PUNC;;;;;;;;;PUNC;&;PUNC;;
3;lt;LT;NONLEX;;;;;;;;;NONLEX;LT;NONLEX;;
4;";";";";SENT;;;;;;;;;SENT;";";SENT;;
;;;;;;;;;;;;;;;;
1;/;/;PUNC;;;;;;;;;PUNC;/;PUNC;;
2;distinct;DISTINCT;NONLEX;;;;;;;;;NONLEX;DISTINCT;NONLEX;;
3;&;&;PUNC;;;;;;;;;PUNC;&;PUNC;;
4;gt;GT;NONLEX;;;;;;;;;NONLEX;GT;NONLEX;;
5;";";";";SENT;;;;;;;;;SENT;";";SENT;;
;;;;;;;;;;;;;;;;
1;,;,;PUNC;;;;;;;;;PUNC;,;PUNC;;
2;&;&;PUNC;;;;;;;;;PUNC;&;PUNC;;
3;lt;LT;NONLEX;;;;;;;;;NONLEX;LT;NONLEX;;
4;";";";";PUNC;;;;;;;;;PUNC;";";PUNC;;
5;distinct;DISTINCT;NONLEX;;;;;;;;;NONLEX;DISTINCT;NONLEX;;
6;form;FORM;NONLEX;;;;;;;;;NONLEX;FORM;NONLEX;;
7;=;=;PUNC;;;;;;;;;PUNC;=;PUNC;;
8;&;&;PUNC;;;;;;;;;PUNC;&;PUNC;;
9;quot;QUOT;NONLEX;;;;;;;;;NONLEX;QUOT;NONLEX;;
10;";";";";PUNC;;;;;;;;;PUNC;";";PUNC;;
11;ноо;Ќќ;CONJ;distort;;о;о;н;;;;S;Ќќќ;S f inan nonflex nonflex;;
12;&;&;PUNC;;;;;;;;;PUNC;&;PUNC;;
13;quot;QUOT;NONLEX;;;;;;;;;NONLEX;QUOT;NONLEX;;
14;";";";";SENT;;;;;;;;;SENT;";";SENT;;
;;;;;;;;;;;;;;;;
1;&;&;PUNC;;;;;;;;;PUNC;&;PUNC;;
2;gt;GT;NONLEX;;;;;;;;;NONLEX;GT;NONLEX;;
3;";";";";PUNC;;;;;;;;;PUNC;";";PUNC;;
4;но;Ќќ;CONJ;;;о;н;;;;;CONJ;Ќќ;CONJ;;
5;&;&;PUNC;;;;;;;;;PUNC;&;PUNC;;
6;lt;LT;NONLEX;;;;;;;;;NONLEX;LT;NONLEX;;
7;";";";";SENT;;;;;;;;;SENT;";";SENT;;
;;;;;;;;;;;;;;;;
1;/;/;PUNC;;;;;;;;;PUNC;/;PUNC;;
2;distinct;DISTINCT;NONLEX;;;;;;;;;NONLEX;DISTINCT;NONLEX;;
3;&;&;PUNC;;;;;;;;;PUNC;&;PUNC;;
4;gt;GT;NONLEX;;;;;;;;;NONLEX;GT;NONLEX;;
5;";";";";SENT;;;;;;;;;SENT;";";SENT;;
;;;;;;;;;;;;;;;;
1;не;Ќ≈;PART;;;е;н;;;;;PART;Ќ≈;PART;;
2;сложилось;—Ћќ∆»“№—я;V pf praet sg indic n -;;;ь;с;о;л;и;ж;V;—Ћќ∆»“№—я;V pf praet sg indic n -;;
3;:;:;PUNC;;;;;;;;;PUNC;:;PUNC;;
4;на;Ќј;PR;;;а;н;;;;;PR;Ќј;PR;;
5;тех;“ќ“;APRO pl loc inan;;;х;е;т;;;;A;“ќ“;A - loc pl plen - -;;
6;соревновани€х;—ќ–≈¬Ќќ¬јЌ»≈;S n inan loc pl;;;х;€;и;н;а;в;S;—ќ–≈¬Ќќ¬јЌ»≈;S n inan loc pl;;
7;,;,;PUNC;;;;;;;;;PUNC;,;PUNC;;
8;на;Ќј;PR;;;а;н;;;;;PR;Ќј;PR;;
9;которых; ќ“ќ–џ…;APRO pl loc inan;;;х;ы;р;о;т;о;A; ќ“ќ–џ…;A - gen pl plen - -;;
10;у;”;PR;;;у;;;;;;PR;”;PR;;
11;мен€;я;SPRO sg 1p - acc;;;€;н;е;м;;;SPRO;я;SPRO sg 1p - acc;;
12;был;Ѕџ“№;V ipf praet sg indic m -;;;л;ы;б;;;;V;Ѕџ“№;V ipf praet sg indic m -;;
13;действительно;ƒ≈…—“¬»“≈Ћ№Ќќ;ADV -;;;о;н;ь;л;е;т;ADV;ƒ≈…—“¬»“≈Ћ№Ќќ;ADV -;;
14;шанс;ЎјЌ—;S m inan nom sg;;;с;н;а;ш;;;S;ЎјЌ—;S m inan nom sg;;
15;,;,;PUNC;;;;;;;;;PUNC;,;PUNC;;
16;€;я;SPRO sg 1p - nom;;;€;;;;;;SPRO;я;SPRO sg 1p - nom;;
17;упала;”ѕј—“№;V pf praet sg indic f -;;;а;л;а;п;у;;V;”ѕј—“№;V pf praet sg indic f -;;
18;и;»;CONJ;;;и;;;;;;CONJ;»;CONJ;;
19;,;,;PUNC;;;;;;;;;PUNC;,;PUNC;;
20;к; ;PR;;;к;;;;;;PR; ;PR;;
21;сожалению;—ќ∆јЋ≈Ќ»≈;S n inan dat sg;;;ю;и;н;е;л;а;S;—ќ∆јЋ≈Ќ»≈;S n inan dat sg;;
22;,;,;PUNC;;;;;;;;;PUNC;,;PUNC;;
23;не;Ќ≈;PART;;;е;н;;;;;PART;Ќ≈;PART;;
24;смогла;—ћќ„№;V pf praet sg indic f -;;;а;л;г;о;м;с;V;—ћќ„№;V pf praet sg indic f -;;
25;его;ќЌ;SPRO sg 3p m acc;;;о;г;е;;;;SPRO;ќЌ;SPRO sg 3p m acc;;
26;получить;ѕќЋ”„»“№;V pf - - inf - -;;;ь;т;и;ч;у;л;V;ѕќЋ”„»“№;V pf - - inf - -;;
27;.;.;SENT;;;;;;;;;SENT;.;SENT;;
;;;;;;;;;;;;;;;;
1;Ќа;Ќј;PR;;;а;н;;;;;PR;Ќј;PR;;
2;самом;—јћџ…;A - loc sg plen n inan;;;м;о;м;а;с;;A;—јћџ…;A - loc sg plen n -;;
3;деле;ƒ≈Ћќ;S n inan loc sg;;;е;л;е;д;;;S;ƒ≈Ћќ;S n inan loc sg;;
4;там;“јћ;ADVPRO;;;м;а;т;;;;ADV;“јћ;ADV -;;
5;было;Ѕџ“№;V ipf praet sg indic n -;;;о;л;ы;б;;;V;Ѕџ“№;V ipf praet sg indic n -;;
6;очень;ќ„≈Ќ№;ADV -;;;ь;н;е;ч;о;;ADV;ќ„≈Ќ№;ADV -;;
7;обидно;ќЅ»ƒЌќ;PRAEDIC;;;о;н;д;и;б;о;ADV;ќЅ»ƒЌќ;ADV -;;
8;и;»;CONJ;;;и;;;;;;CONJ;»;CONJ;;
9;грустно;√–”—“Ќќ;PRAEDIC;;;о;н;т;с;у;р;ADV;√–”—“Ќќ;ADV -;;
10;.;.;SENT;;;;;;;;;SENT;.;SENT;;
;;;;;;;;;;;;;;;;
1;јаам;јјјћ;INTJ;distort;;м;а;а;а;;;S;јјјћ;S m anim nom sg;;
2;...;...;SENT;;;;;;;;;SENT;...;SENT;;
;;;;;;;;;;;;;;;;
1;јнна;јЌЌј;S f persn anim nom sg;;;а;н;н;а;;;S;јЌЌј;S f anim nom sg;;
2;@;@;PUNC;;;;;;;;;PUNC;@;PUNC;;
3;Ќо;Ќќ;CONJ;;;о;н;;;;;CONJ;Ќќ;CONJ;;
4;,;,;PUNC;;;;;;;;;PUNC;,;PUNC;;
5;знаете;«Ќј“№;V ipf praes pl indic - 2p;;;е;т;е;а;н;з;V;«Ќј“№;V ipf praes pl indic - 2p;;
6;,;,;PUNC;;;;;;;;;PUNC;,;PUNC;;
7;€;я;SPRO sg 1p - nom;;;€;;;;;;SPRO;я;SPRO sg 1p - nom;;
8;рада;–јƒ;A - - sg brev f anim;;;а;д;а;р;;;A;–јƒ;A - - sg brev f -;;
9;,;,;PUNC;;;;;;;;;PUNC;,;PUNC;;
10;что;„“ќ;CONJ;;;о;т;ч;;;;CONJ;„“ќ;CONJ;;
11;в;¬;PR;;;в;;;;;;PR;¬;PR;;
12;итоге;»“ќ√;S m inan loc sg;;;е;г;о;т;и;;S;»“ќ√;S m inan loc sg;;
13;€;я;SPRO sg 1p - nom;;;€;;;;;;SPRO;я;SPRO sg 1p - nom;;
14;оставила;ќ—“ј¬»“№;V pf praet sg indic f -;;;а;л;и;в;а;т;V;ќ—“ј¬»“№;V pf praet sg indic f -;;
15;горные;√ќ–Ќџ…;A - acc pl plen - inan;;;е;ы;н;р;о;г;A;√ќ–Ќџ…;A - acc pl plen - inan;;
16;лыжи;Ћџ∆ј;S f inan acc pl;;;и;ж;ы;л;;;S;Ћџ∆ј;S f inan acc pl;;
17;чисто;„»—“ќ;ADV -;;;о;т;с;и;ч;;ADV;„»—“ќ;ADV -;;
18;как; ј ;CONJ;;;к;а;к;;;;CONJ; ј ;CONJ;;
19;хобби;’ќЅЅ»;S n inan acc 0;;;и;б;б;о;х;;S;’ќЅЅ»;S n inan nonflex nonflex;;
20;,;,;PUNC;;;;;;;;;PUNC;,;PUNC;;
21;потому что;потому что;;раздельно;;о;т;ч; ;у;м;ZERO;потому что;ZERO;;
22;некоторые;Ќ≈ ќ“ќ–џ…;APRO nom pl anim;;;е;ы;р;о;т;о;A;Ќ≈ ќ“ќ–џ…;A - nom pl plen - -;;
23;мои;ћќ…;APRO nom pl anim;;;и;о;м;;;;A;ћќ…;A - nom pl plen - -;;
24;знакомые;«Ќј ќћџ…;S m anim nom pl;;;е;ы;м;о;к;а;S;«Ќј ќћџ…;S m anim nom pl;;
25;,;,;PUNC;;;;;;;;;PUNC;,;PUNC;;
26;они;ќЌ»;SPRO pl 3p - nom;;;и;н;о;;;;SPRO;ќЌ»;SPRO pl - - nom;;
27;выбрали;¬џЅ–ј“№;V pf praet pl indic - -;;;и;л;а;р;б;ы;V;¬џЅ–ј“№;V pf praet pl indic - -;;
28;другой;ƒ–”√ќ…;APRO acc sg m inan;;;й;о;г;у;р;д;A;ƒ–”√ќ…;A - nom sg plen m -;;
29;путь;ѕ”“№;S m inan acc sg;;;ь;т;у;п;;;S;ѕ”“№;S m inan nom sg;;
30;:;:;PUNC;;;;;;;;;PUNC;:;PUNC;;
31;они;ќЌ»;SPRO pl 3p - nom;;;и;н;о;;;;SPRO;ќЌ»;SPRO pl - - nom;;
32;решили;–≈Ў»“№;V pf praet pl indic - -;;;и;л;и;ш;е;р;V;–≈Ў»“№;V pf praet pl indic - -;;
33;стать;—“ј“№;V pf - - inf - -;;;ь;т;а;т;с;;S;—“ј“№;S f inan acc sg;;
34;тренерами;“–≈Ќ≈–;S m anim ins pl;;;и;м;а;р;е;н;S;“–≈Ќ≈–;S m anim ins pl;;
35;и;»;CONJ;;;и;;;;;;CONJ;»;CONJ;;
36;посв€тить;ѕќ—¬я“»“№;V pf - - inf - -;;;ь;т;и;т;€;в;V;ѕќ—¬я“»“№;V pf - - inf - -;;
37;этому;Ё“ќ;SPRO n inan dat sg;;;у;м;о;т;э;;S;Ё“ќ;S n inan dat sg;;
38;жизнь;∆»«Ќ№;S f inan acc sg;;;ь;н;з;и;ж;;S;∆»«Ќ№;S f inan nom sg;;
39;.;.;SENT;;;;;;;;;SENT;.;SENT;;
;;;;;;;;;;;;;;;;
1;Ќо;Ќќ;CONJ;;;о;н;;;;;CONJ;Ќќ;CONJ;;
2;,;,;PUNC;;;;;;;;;PUNC;,;PUNC;;
3;знаете;«Ќј“№;V ipf praes pl indic - 2p;;;е;т;е;а;н;з;V;«Ќј“№;V ipf praes pl indic - 2p;;
4;,;,;PUNC;;;;;;;;;PUNC;,;PUNC;;
5;€;я;SPRO sg 1p - nom;;;€;;;;;;SPRO;я;SPRO sg 1p - nom;;
6;очень;ќ„≈Ќ№;ADV -;;;ь;н;е;ч;о;;ADV;ќ„≈Ќ№;ADV -;;
7;рада;–јƒ;A - - sg brev f anim;;;а;д;а;р;;;A;–јƒ;A - - sg brev f -;;
8;,;,;PUNC;;;;;;;;;PUNC;,;PUNC;;
9;что;„“ќ;CONJ;;;о;т;ч;;;;CONJ;„“ќ;CONJ;;
10;€;я;SPRO sg 1p - nom;;;€;;;;;;SPRO;я;SPRO sg 1p - nom;;
11;выбрала;¬џЅ–ј“№;V pf praet sg indic f -;;;а;л;а;р;б;ы;V;¬џЅ–ј“№;V pf praet sg indic f -;;
12;математику;ћј“≈ћј“» ј;S f inan acc sg;;;у;к;и;т;а;м;S;ћј“≈ћј“» ј;S f inan acc sg;;
13;,;,;PUNC;;;;;;;;;PUNC;,;PUNC;;
14;потому что;потому что;;раздельно;;о;т;ч; ;у;м;ZERO;потому что;ZERO;;
15;горные;√ќ–Ќџ…;A - nom pl plen f inan;;;е;ы;н;р;о;г;A;√ќ–Ќџ…;A - nom pl plen - -;;
16;лыжи;Ћџ∆ј;S f inan nom pl;;;и;ж;ы;л;;;S;Ћџ∆ј;S f inan nom pl;;
17;остались;ќ—“ј“№—я;V pf praet pl indic - -;;;ь;с;и;л;а;т;V;ќ—“ј“№—я;V pf praet pl indic - -;;
18;всЄ;¬—≈;ADV -;;;Є;с;в;;;;S;¬—≈;S - - acc pl;;
19;ещЄ;≈ў≈;ADV -;;;Є;щ;е;;;;ADV;≈ў≈;ADV -;;
20;хобби;’ќЅЅ»;S n inan ins 0;;;и;б;б;о;х;;S;’ќЅЅ»;S n inan nonflex nonflex;;
21;дл€;ƒЋя;PR;;;€;л;д;;;;PR;ƒЋя;PR;;
22;мен€;я;SPRO sg 1p - gen;;;€;н;е;м;;;SPRO;я;SPRO sg 1p - acc;;
23;.;.;SENT;;;;;;;;;SENT;.;SENT;;
;;;;;;;;;;;;;;;;
1;ѕотому что;ѕотому что;;раздельно;;о;т;ч; ;у;м;ZERO;ѕотому что;ZERO;;
2;€;я;SPRO sg 1p - nom;;;€;;;;;;SPRO;я;SPRO sg 1p - nom;;
3;каждый; ј∆ƒџ…;APRO acc sg m inan;;;й;ы;д;ж;а;к;A; ј∆ƒџ…;A - nom sg plen m -;;
4;раз;–ј«;S m inan acc sg;;;з;а;р;;;;S;–ј«;S m inan nom sg;;
5;кайфую; ј…‘ќ¬ј“№;V ipf praes sg indic - 1p;;;ю;у;ф;й;а;к;V; ј…‘ќ¬ј“№;V ipf praes sg indic - 1p;;
6;,;,;PUNC;;;;;;;;;PUNC;,;PUNC;;
7;когда; ќ√ƒј;CONJ;;;а;д;г;о;к;;CONJ; ќ√ƒј;CONJ;;
8;€;я;SPRO sg 1p - nom;;;€;;;;;;SPRO;я;SPRO sg 1p - nom;;
9;катаюсь; ј“ј“№—я;V ipf praes sg indic - 1p;;;ь;с;ю;а;т;а;V; ј“ј“№—я;V ipf praes sg indic - 1p;;
10;,;,;PUNC;;;;;;;;;PUNC;,;PUNC;;
11;€;я;SPRO sg 1p - nom;;;€;;;;;;SPRO;я;SPRO sg 1p - nom;;
12;ищу;»— ј“№;V ipf praes sg indic - 1p;;;у;щ;и;;;;V;»— ј“№;V ipf praes sg indic - 1p;;
13;все;¬≈—№;APRO acc pl inan;;;е;с;в;;;;A;¬≈—№;A - nom pl plen - -;;
14;возможные;¬ќ«ћќ∆Ќџ…;A - acc pl plen - inan;;;е;ы;н;ж;о;м;A;¬ќ«ћќ∆Ќџ…;A - nom pl plen - -;;
15;способы;—ѕќ—ќЅ;S m inan acc pl;;;ы;б;о;с;о;п;S;—ѕќ—ќЅ;S m inan nom pl;;
16;покататьс€;ѕќ ј“ј“№—я;V pf - - inf - -;;;€;с;ь;т;а;т;V;ѕќ ј“ј“№—я;V pf - - inf - -;;
17;ещЄ;≈ў≈;ADV -;;;Є;щ;е;;;;ADV;≈ў≈;ADV -;;
18;,;,;PUNC;;;;;;;;;PUNC;,;PUNC;;
19;€;я;SPRO sg 1p - nom;;;€;;;;;;SPRO;я;SPRO sg 1p - nom;;
20;очень;ќ„≈Ќ№;ADV -;;;ь;н;е;ч;о;;ADV;ќ„≈Ќ№;ADV -;;
21;рада;–јƒ;A - - sg brev f anim;;;а;д;а;р;;;A;–јƒ;A - - sg brev f -;;
22;,;,;PUNC;;;;;;;;;PUNC;,;PUNC;;
23;что;„“ќ;CONJ;;;о;т;ч;;;;CONJ;„“ќ;CONJ;;
24;€;я;SPRO sg 1p - nom;;;€;;;;;;SPRO;я;SPRO sg 1p - nom;;
25;это;Ё“ќ;SPRO sg acc n;;;о;т;э;;;;S;Ё“ќ;S n inan acc sg;;
26;всЄ;¬—≈;SPRO sg acc n;;;Є;с;в;;;;S;¬—≈;S n - nom sg;;
27;делаю;ƒ≈Ћј“№;V ipf praes sg indic - 1p;;;ю;а;л;е;д;;V;ƒ≈Ћј“№;V ipf praes sg indic - 1p;;
28;в;¬;PR;;;в;;;;;;PR;¬;PR;;
29;удовольствие;”ƒќ¬ќЋ№—“¬»≈;S n inan acc sg;;;е;и;в;т;с;ь;S;”ƒќ¬ќЋ№—“¬»≈;S n inan acc sg;;
30;.;.;SENT;;;;;;;;;SENT;.;SENT;;
;;;;;;;;;;;;;;;;
1;¬от;¬ќ“;PART;;;т;о;в;;;;PART;¬ќ“;PART;;
2;.;.;SENT;;;;;;;;;SENT;.;SENT;;
;;;;;;;;;;;;;;;;
1;јнна;јЌЌј;S f persn anim nom sg;;;а;н;н;а;;;S;јЌЌј;S f anim nom sg;;
2;@;@;PUNC;;;;;;;;;PUNC;@;PUNC;;
3;«наете;«Ќј“№;V ipf praes pl indic - 2p;;;е;т;е;а;н;з;V;«Ќј“№;V ipf praes pl indic - 2p;;
4;,;,;PUNC;;;;;;;;;PUNC;,;PUNC;;
5;на;Ќј;PR;;;а;н;;;;;PR;Ќј;PR;;
6;самом;—јћџ…;A - loc sg plen n inan;;;м;о;м;а;с;;A;—јћџ…;A - loc sg plen n -;;
7;деле;ƒ≈Ћќ;S n inan loc sg;;;е;л;е;д;;;S;ƒ≈Ћќ;S n inan loc sg;;
8;ещЄ;≈ў≈;ADV;;;Є;щ;е;;;;PART;≈ў≈;PART;;
9;э;Ё;INTJ;;;э;;;;;;S;Ё;S - - nonflex nonflex;;
10;одну;ќƒ»Ќ;ANUM acc sg f;;;у;н;д;о;;;A;ќƒ»Ќ;A - acc sg plen f -;;
11;мысль;ћџ—Ћ№;S f inan acc sg;;;ь;л;с;ы;м;;S;ћџ—Ћ№;S f inan acc sg;;
12;вспомнила;¬—ѕќћЌ»“№;V pf praet sg indic f -;;;а;л;и;н;м;о;V;¬—ѕќћЌ»“№;V pf praet sg indic f -;;
13;:;:;PUNC;;;;;;;;;PUNC;:;PUNC;;
14;аа;ј;INTJ;;;а;а;;;;;NONLEX;јј;NONLEX;;
15;...;...;SENT;;;;;;;;;SENT;...;SENT;;
;;;;;;;;;;;;;;;;
1;я;я;SPRO sg 1p - nom;;;€;;;;;;SPRO;я;SPRO sg 1p - nom;;
2;как-то; ј -“ќ;ADVPRO;;;о;т;;к;а;к;ADV; ј -“ќ;ADV -;;
3;была;Ѕџ“№;V ipf praet sg indic f -;;;а;л;ы;б;;;V;Ѕџ“№;V ipf praet sg indic f -;;
4;в;¬;PR;;;в;;;;;;PR;¬;PR;;
5;горах;√ќ–ј;S f inan loc pl;;;х;а;р;о;г;;S;√ќ–ј;S f inan loc pl;;
6;,;,;PUNC;;;;;;;;;PUNC;,;PUNC;;
7;и;»;CONJ;;;и;;;;;;CONJ;»;CONJ;;
8;несколько;Ќ≈— ќЋ№ ќ;NUM acc inan;;;о;к;ь;л;о;к;NUM;Ќ≈— ќЋ№ ќ;NUM - - -;;
9;дней;ƒ≈Ќ№;S m inan gen pl;;;й;е;н;д;;;S;ƒ≈Ќ№;S m inan gen pl;;
10;€;я;SPRO sg 1p - nom;;;€;;;;;;SPRO;я;SPRO sg 1p - nom;;
11;думала;ƒ”ћј“№;V ipf praet sg indic f -;;;а;л;а;м;у;д;V;ƒ”ћј“№;V ipf praet sg indic f -;;
12;лишь;Ћ»Ў№;PART;;;ь;ш;и;л;;;PART;Ћ»Ў№;PART;;
13;о;ќ;PR;;;о;;;;;;PR;ќ;PR;;
14;том;“ќ;SPRO sg n loc inan;;;м;о;т;;;;S;“ќ;S n - loc sg;;
15;,;,;PUNC;;;;;;;;;PUNC;,;PUNC;;
16;что;„“ќ;CONJ;;;о;т;ч;;;;CONJ;„“ќ;CONJ;;
17;мне;я;SPRO sg 1p - dat;;;е;н;м;;;;SPRO;я;SPRO sg 1p - loc;;
18;неверо€тно;Ќ≈¬≈–ќя“Ќќ;ADV -;;;о;н;т;€;о;р;ADV;Ќ≈¬≈–ќя“Ќќ;ADV -;;
19;жаль;∆јЋ№;PRAEDIC;;;ь;л;а;ж;;;ADV;∆јЋ№;ADV -;;
20;всех;¬≈—№;APRO pl gen;;;х;е;с;в;;;A;¬≈—№;A - gen pl plen - -;;
21;тех;“ќ“;APRO pl gen;;;х;е;т;;;;A;“ќ“;A - gen pl plen - -;;
22;людей;„≈Ћќ¬≈ ;S m anim gen pl;;;й;е;д;ю;л;;S;„≈Ћќ¬≈ ;S m anim gen pl;;
23;,;,;PUNC;;;;;;;;;PUNC;,;PUNC;;
24;которые; ќ“ќ–џ…;APRO nom pl anim;;;е;ы;р;о;т;о;A; ќ“ќ–џ…;A - nom pl plen - -;;
25;не;Ќ≈;PART;;;е;н;;;;;PART;Ќ≈;PART;;
26;умеют;”ћ≈“№;V ipf praes pl indic - 3p;;;т;ю;е;м;у;;V;”ћ≈“№;V ipf praes pl indic - 3p;;
27;кататьс€; ј“ј“№—я;V ipf - - inf - -;;;€;с;ь;т;а;т;V; ј“ј“№—я;V ipf - - inf - -;;
28;на;Ќј;PR;;;а;н;;;;;PR;Ќј;PR;;
29;лыжах;Ћџ∆ј;S f inan loc pl;;;х;а;ж;ы;л;;S;Ћџ∆ј;S f inan loc pl;;
30;&;&;PUNC;;;;;;;;;PUNC;&;PUNC;;
31;lt;LT;NONLEX;;;;;;;;;NONLEX;LT;NONLEX;;
32;";";";";PUNC;;;;;;;;;PUNC;";";PUNC;;
33;distinct;DISTINCT;NONLEX;;;;;;;;;NONLEX;DISTINCT;NONLEX;;
34;form;FORM;NONLEX;;;;;;;;;NONLEX;FORM;NONLEX;;
35;=;=;PUNC;;;;;;;;;PUNC;=;PUNC;;
36;&;&;PUNC;;;;;;;;;PUNC;&;PUNC;;
37;quot;QUOT;NONLEX;;;;;;;;;NONLEX;QUOT;NONLEX;;
38;";";";";PUNC;;;;;;;;;PUNC;";";PUNC;;
39;такак;“ј   ј ;;distort;;к;а;к;а;т;;S;“ј ј ;S m anim nom sg;;
40;&;&;PUNC;;;;;;;;;PUNC;&;PUNC;;
41;quot;QUOT;NONLEX;;;;;;;;;NONLEX;QUOT;NONLEX;;
42;";";";";SENT;;;;;;;;;SENT;";";SENT;;
;;;;;;;;;;;;;;;;
1;&;&;PUNC;;;;;;;;;PUNC;&;PUNC;;
2;gt;GT;NONLEX;;;;;;;;;NONLEX;GT;NONLEX;;
3;";";";";PUNC;;;;;;;;;PUNC;";";PUNC;;
4;так как;“ј   ј ;;раздельно;;к;а;к; ;к;а;ZERO;так как;ZERO;;
5;&;&;PUNC;;;;;;;;;PUNC;&;PUNC;;
6;lt;LT;NONLEX;;;;;;;;;NONLEX;LT;NONLEX;;
7;";";";";SENT;;;;;;;;;SENT;";";SENT;;
;;;;;;;;;;;;;;;;
1;/;/;PUNC;;;;;;;;;PUNC;/;PUNC;;
2;distinct;DISTINCT;NONLEX;;;;;;;;;NONLEX;DISTINCT;NONLEX;;
3;&;&;PUNC;;;;;;;;;PUNC;&;PUNC;;
4;gt;GT;NONLEX;;;;;;;;;NONLEX;GT;NONLEX;;
5;";";";";SENT;;;;;;;;;SENT;";";SENT;;
;;;;;;;;;;;;;;;;
1;умею;”ћ≈“№;V ipf praes sg indic - 1p;;;ю;е;м;у;;;V;”ћ≈“№;V ipf praes sg indic - 1p;;
2;€;я;SPRO sg 1p - nom;;;€;;;;;;SPRO;я;SPRO sg 1p - nom;;
3;.;.;SENT;;;;;;;;;SENT;.;SENT;;
;;;;;;;;;;;;;;;;
1;я;я;SPRO sg 1p - nom;;;€;;;;;;SPRO;я;SPRO sg 1p - nom;;
2;проезжала;ѕ–ќ≈«∆ј“№;V ipf praet sg indic f -;;;а;л;а;ж;з;е;V;ѕ–ќ≈«∆ј“№;V ipf praet sg indic f -;;
3;мимо;ћ»ћќ;PR;;;о;м;и;м;;;PR;ћ»ћќ;PR;;
4;чайников;„ј…Ќ» ;S m inan gen pl;;;в;о;к;и;н;й;S;„ј…Ќ» ;S m inan gen pl;;
5;на;Ќј;PR;;;а;н;;;;;PR;Ќј;PR;;
6;склоне;— ЋќЌ;S m inan loc sg;;;е;н;о;л;к;с;S;— ЋќЌ;S m inan loc sg;;
7;(;(;PUNC;;;;;;;;;PUNC;(;PUNC;;
8;вот;¬ќ“;PART;;;т;о;в;;;;PART;¬ќ“;PART;;
9;чайниками;„ј…Ќ» ;S m inan ins pl;;;и;м;а;к;и;н;S;„ј…Ќ» ;S m inan ins pl;;
10;мы;ћџ;SPRO pl 1p - nom;;;ы;м;;;;;SPRO;ћџ;SPRO pl 1p - nom;;
11;называем;Ќј«џ¬ј“№;V ipf praes pl indic - 1p;;;м;е;а;в;ы;з;V;Ќј«џ¬ј“№;V ipf praes pl indic - 1p;;
12;,;,;PUNC;;;;;;;;;PUNC;,;PUNC;;
13;если;≈—Ћ»;CONJ;;;и;л;с;е;;;CONJ;≈—Ћ»;CONJ;;
14;что;„“ќ;SPRO sg n nom;;;о;т;ч;;;;CONJ;„“ќ;CONJ;;
15;,;,;PUNC;;;;;;;;;PUNC;,;PUNC;;
16;тех;“ќ“;APRO pl gen;;;х;е;т;;;;A;“ќ“;A - gen pl plen - -;;
17;,;,;PUNC;;;;;;;;;PUNC;,;PUNC;;
18;кто; “ќ;SPRO sg m nom anin;;;о;т;к;;;;S; “ќ;S m - nom sg;;
19;очень;ќ„≈Ќ№;ADV -;;;ь;н;е;ч;о;;ADV;ќ„≈Ќ№;ADV -;;
20;плохо;ѕЋќ’ќ;ADV -;;;о;х;о;л;п;;ADV;ѕЋќ’ќ;ADV -;;
21;катаетс€; ј“ј“№—я;V ipf praes sg indic - 3p;;;€;с;т;е;а;т;V; ј“ј“№—я;V ipf praes sg indic - 3p;;
22;,;,;PUNC;;;;;;;;;PUNC;,;PUNC;;
23;новичков;Ќќ¬»„ќ ;S m anim gen pl;;;в;о;к;ч;и;в;S;Ќќ¬»„ќ ;S m anim gen pl;;
24;,;,;PUNC;;;;;;;;;PUNC;,;PUNC;;
25;короче; ќ–ќ„≈;PARENTH;;;е;ч;о;р;о;к;ADV; ќ–ќ„≈;ADV comp;;
26;&;&;PUNC;;;;;;;;;PUNC;&;PUNC;;
27;lt;LT;NONLEX;;;;;;;;;NONLEX;LT;NONLEX;;
28;";";";";PUNC;;;;;;;;;PUNC;";";PUNC;;
29;span;SPAN;NONLEX;;;;;;;;;NONLEX;SPAN;NONLEX;;
30;class;CLASS;NONLEX;;;;;;;;;NONLEX;CLASS;NONLEX;;
31;=;=;PUNC;;;;;;;;;PUNC;=;PUNC;;
32;&;&;PUNC;;;;;;;;;PUNC;&;PUNC;;
33;quot;QUOT;NONLEX;;;;;;;;;NONLEX;QUOT;NONLEX;;
34;";";";";PUNC;;;;;;;;;PUNC;";";PUNC;;
35;note;NOTE;NONLEX;;;;;;;;;NONLEX;NOTE;NONLEX;;
36;&;&;PUNC;;;;;;;;;PUNC;&;PUNC;;
37;quot;QUOT;NONLEX;;;;;;;;;NONLEX;QUOT;NONLEX;;
38;";";";";SENT;;;;;;;;;SENT;";";SENT;;
;;;;;;;;;;;;;;;;
1;&;&;PUNC;;;;;;;;;PUNC;&;PUNC;;
2;gt;GT;NONLEX;;;;;;;;;NONLEX;GT;NONLEX;;
3;";";";";SENT;;;;;;;;;SENT;";";SENT;;
;;;;;;;;;;;;;;;;
1;—мех;—ћ≈’;;не нужно(?);;х;е;м;с;;;S;—ћ≈’;S m inan nom sg;;
2;&;&;PUNC;;;;;;;;;PUNC;&;PUNC;;
3;lt;LT;NONLEX;;;;;;;;;NONLEX;LT;NONLEX;;
4;";";";";SENT;;;;;;;;;SENT;";";SENT;;
;;;;;;;;;;;;;;;;
1;/;/;PUNC;;;;;;;;;PUNC;/;PUNC;;
2;span;SPAN;NONLEX;;;;;;;;;NONLEX;SPAN;NONLEX;;
3;&;&;PUNC;;;;;;;;;PUNC;&;PUNC;;
4;gt;GT;NONLEX;;;;;;;;;NONLEX;GT;NONLEX;;
5;";";";";SENT;;;;;;;;;SENT;";";SENT;;
;;;;;;;;;;;;;;;;
1;););PUNC;;;;;;;;;PUNC;);PUNC;;
2;&;&;PUNC;;;;;;;;;PUNC;&;PUNC;;
3;lt;LT;NONLEX;;;;;;;;;NONLEX;LT;NONLEX;;
4;";";";";PUNC;;;;;;;;;PUNC;";";PUNC;;
5;distinct;DISTINCT;NONLEX;;;;;;;;;NONLEX;DISTINCT;NONLEX;;
6;form;FORM;NONLEX;;;;;;;;;NONLEX;FORM;NONLEX;;
7;=;=;PUNC;;;;;;;;;PUNC;=;PUNC;;
8;&;&;PUNC;;;;;;;;;PUNC;&;PUNC;;
9;quot;QUOT;NONLEX;;;;;;;;;NONLEX;QUOT;NONLEX;;
10;";";";";PUNC;;;;;;;;;PUNC;";";PUNC;;
11;ии;»;CONJ;distort;;и;и;;;;;S;»я;S f anim loc sg;;
12;&;&;PUNC;;;;;;;;;PUNC;&;PUNC;;
13;quot;QUOT;NONLEX;;;;;;;;;NONLEX;QUOT;NONLEX;;
14;";";";";SENT;;;;;;;;;SENT;";";SENT;;
;;;;;;;;;;;;;;;;
1;&;&;PUNC;;;;;;;;;PUNC;&;PUNC;;
2;gt;GT;NONLEX;;;;;;;;;NONLEX;GT;NONLEX;;
3;";";";";PUNC;;;;;;;;;PUNC;";";PUNC;;
4;и;»;CONJ;;;и;;;;;;CONJ;»;CONJ;;
5;&;&;PUNC;;;;;;;;;PUNC;&;PUNC;;
6;lt;LT;NONLEX;;;;;;;;;NONLEX;LT;NONLEX;;
7;";";";";SENT;;;;;;;;;SENT;";";SENT;;
;;;;;;;;;;;;;;;;
1;/;/;PUNC;;;;;;;;;PUNC;/;PUNC;;
2;distinct;DISTINCT;NONLEX;;;;;;;;;NONLEX;DISTINCT;NONLEX;;
3;&;&;PUNC;;;;;;;;;PUNC;&;PUNC;;
4;gt;GT;NONLEX;;;;;;;;;NONLEX;GT;NONLEX;;
5;";";";";SENT;;;;;;;;;SENT;";";SENT;;
;;;;;;;;;;;;;;;;
1;думала;ƒ”ћј“№;V ipf praet sg indic f -;;;а;л;а;м;у;д;V;ƒ”ћј“№;V ipf praet sg indic f -;;
2;о;ќ;PR;;;о;;;;;;PR;ќ;PR;;
3;том;“ќ;SPRO sg n loc ;;;м;о;т;;;;S;“ќ;S n - loc sg;;
4;,;,;PUNC;;;;;;;;;PUNC;,;PUNC;;
5;как бы;как бы;;раздельно;;ы;б; ;к;а;к;-;как бы;-;;
6;мне;я;SPRO sg 1p - loc;;;е;н;м;;;;SPRO;я;SPRO sg 1p - loc;;
7;хотелось;’ќ“≈“№—я;V ipf praet sg indic n -;;;ь;с;о;л;е;т;V;’ќ“≈“№—я;V ipf praet sg indic n -;;
8;показать;ѕќ ј«ј“№;V pf - - inf - -;;;ь;т;а;з;а;к;V;ѕќ ј«ј“№;V pf - - inf - -;;
9;вот;¬ќ“;PART;;;т;о;в;;;;PART;¬ќ“;PART;;
10;этим;Ё“ќ“;APRO pl dat;;;м;и;т;э;;;A;Ё“ќ“;A - dat pl plen - -;;
11;люд€м;„≈Ћќ¬≈ ;S m anim dat pl;;;м;€;д;ю;л;;S;„≈Ћќ¬≈ ;S m anim dat pl;;
12;,;,;PUNC;;;;;;;;;PUNC;,;PUNC;;
13;а;ј;CONJ;;;а;;;;;;CONJ;ј;CONJ;;
14;как; ј ;ADVPRO;;;к;а;к;;;;ADV; ј ;ADV -;;
15;может;ћќ„№;V ipf praes sg indic - 3p;;;т;е;ж;о;м;;V;ћќ„№;V ipf praes sg indic - 3p;;
16;быть;Ѕџ“№;V ipf - - inf - -;;;ь;т;ы;б;;;V;Ѕџ“№;V ipf - - inf - -;;
17;иначе;»Ќј„≈;ADV;;;е;ч;а;н;и;;CONJ;»Ќј„≈;CONJ;;
18;,;,;PUNC;;;;;;;;;PUNC;,;PUNC;;
19;что;„“ќ;SPRO sg n acc inan;;;о;т;ч;;;;CONJ;„“ќ;CONJ;;
20;чувствую;„”¬—“¬ќ¬ј“№;V ipf praes sg indic - 1p;;;ю;у;в;т;с;в;V;„”¬—“¬ќ¬ј“№;V ipf praes sg indic - 1p;;
21;€;я;SPRO sg 1p - nom;;;€;;;;;;SPRO;я;SPRO sg 1p - nom;;
22;,;,;PUNC;;;;;;;;;PUNC;,;PUNC;;
23;когда; ќ√ƒј;CONJ;;;а;д;г;о;к;;CONJ; ќ√ƒј;CONJ;;
24;€;я;SPRO sg 1p - nom;;;€;;;;;;SPRO;я;SPRO sg 1p - nom;;
25;еду;≈’ј“№;V ipf praes sg indic - 1p;;;у;д;е;;;;V;≈’ј“№;V ipf praes sg indic - 1p;;
26;вот;¬ќ“;PART;;;т;о;в;;;;PART;¬ќ“;PART;;
27;на;Ќј;PR;;;а;н;;;;;PR;Ќј;PR;;
28;таком;“ј ќ…;APRO sg m loc;;;м;о;к;а;т;;A;“ј ќ…;A - loc sg plen m -;;
29;уровне;”–ќ¬≈Ќ№;S m inan loc sg;;;е;н;в;о;р;у;S;”–ќ¬≈Ќ№;S m inan loc sg;;
30;,;,;PUNC;;;;;;;;;PUNC;,;PUNC;;
31;на;Ќј;PR;;;а;н;;;;;PR;Ќј;PR;;
32;котором; ќ“ќ–џ…;APRO sg m loc inan;;;м;о;р;о;т;о;A; ќ“ќ–џ…;A - loc sg plen m -;;
33;€;я;SPRO sg 1p - nom;;;€;;;;;;SPRO;я;SPRO sg 1p - nom;;
34;умею;”ћ≈“№;V ipf praes sg indic - 1p;;;ю;е;м;у;;;V;”ћ≈“№;V ipf praes sg indic - 1p;;
35;кататьс€; ј“ј“№—я;V ipf - - inf - -;;;€;с;ь;т;а;т;V; ј“ј“№—я;V ipf - - inf - -;;
36;.;.;SENT;;;;;;;;;SENT;.;SENT;;
;;;;;;;;;;;;;;;;
1;Ёто;Ё“ќ;SPRO sg n nom inan;;;о;т;э;;;;S;Ё“ќ;S n - nom sg;;
2;же;∆≈;PART;;;е;ж;;;;;PART;∆≈;PART;;
3;совершенно;—ќ¬≈–Ў≈ЌЌќ;ADV -;;;о;н;н;е;ш;р;ADV;—ќ¬≈–Ў≈ЌЌќ;ADV -;;
4;другое;ƒ–”√ќ…;APRO sg n nom inan;;;е;о;г;у;р;д;A;ƒ–”√ќ…;A - nom sg plen n -;;
5;!;!;SENT;;;;;;;;;SENT;!;SENT;;
;;;;;;;;;;;;;;;;
1;»;»;CONJ;;;и;;;;;;CONJ;»;CONJ;;
2;€;я;SPRO sg 1p - nom;;;€;;;;;;SPRO;я;SPRO sg 1p - nom;;
3;несколько;Ќ≈— ќЋ№ ќ;NUM acc inan;;;о;к;ь;л;о;к;NUM;Ќ≈— ќЋ№ ќ;NUM - - -;;
4;дней;ƒ≈Ќ№;S m inan gen pl;;;й;е;н;д;;;S;ƒ≈Ќ№;S m inan gen pl;;
5;жила;∆»“№;V ipf praet sg indic f -;;;а;л;и;ж;;;V;∆»“№;V ipf praet sg indic f -;;
6;вообще;¬ќќЅў≈;ADV -;;;е;щ;б;о;о;в;ADV;¬ќќЅў≈;ADV -;;
7;в;¬;PR;;;в;;;;;;PR;¬;PR;;
8;мысл€х;ћџ—Ћ№;S f inan loc pl;;;х;€;л;с;ы;м;S;ћџ—Ћ№;S f inan loc pl;;
9;о;ќ;PR;;;о;;;;;;PR;ќ;PR;;
10;том;“ќ;SPRO sg n loc inan;;;м;о;т;;;;S;“ќ;S n - loc sg;;
11;,;,;PUNC;;;;;;;;;PUNC;,;PUNC;;
12;что;„“ќ;CONJ;;;о;т;ч;;;;CONJ;„“ќ;CONJ;;
13;€;я;SPRO sg 1p - nom;;;€;;;;;;SPRO;я;SPRO sg 1p - nom;;
14;бы;Ѕџ;PART;;;ы;б;;;;;PART;Ѕџ;PART;;
15;очень;ќ„≈Ќ№;ADV -;;;ь;н;е;ч;о;;ADV;ќ„≈Ќ№;ADV -;;
16;хотела;’ќ“≈“№;V ipf praet sg indic f -;;;а;л;е;т;о;х;V;’ќ“≈“№;V ipf praet sg indic f -;;
17;показать;ѕќ ј«ј“№;V pf - - inf - -;;;ь;т;а;з;а;к;V;ѕќ ј«ј“№;V pf - - inf - -;;
18;люд€м;„≈Ћќ¬≈ ;S m anim dat pl;;;м;€;д;ю;л;;S;„≈Ћќ¬≈ ;S m anim dat pl;;
19;вокруг;¬ќ –”√;PR;;;г;у;р;к;о;в;PR;¬ќ –”√;PR;;
20;мен€;я;SPRO sg 1p - acc;;;€;н;е;м;;;SPRO;я;SPRO sg 1p - acc;;
21;,;,;PUNC;;;;;;;;;PUNC;,;PUNC;;
22;что;„“ќ;SPRO sg n acc inan;;;о;т;ч;;;;CONJ;„“ќ;CONJ;;
23;€;я;SPRO sg 1p - nom;;;€;;;;;;SPRO;я;SPRO sg 1p - nom;;
24;испытываю;»—ѕџ“џ¬ј“№;V ipf praes sg indic - 1p;;;ю;а;в;ы;т;ы;V;»—ѕџ“џ¬ј“№;V ipf praes sg indic - 1p;;
25;,;,;PUNC;;;;;;;;;PUNC;,;PUNC;;
26;когда; ќ√ƒј;CONJ;;;а;д;г;о;к;;CONJ; ќ√ƒј;CONJ;;
27;€;я;SPRO sg 1p - nom;;;€;;;;;;SPRO;я;SPRO sg 1p - nom;;
28;катаюсь; ј“ј“№—я;V ipf praes sg indic - 1p;;;ь;с;ю;а;т;а;V; ј“ј“№—я;V ipf praes sg indic - 1p;;
29;на;Ќј;PR;;;а;н;;;;;PR;Ќј;PR;;
30;лыжах;Ћџ∆ј;S f inan loc pl;;;х;а;ж;ы;л;;S;Ћџ∆ј;S f inan loc pl;;
31;.;.;SENT;;;;;;;;;SENT;.;SENT;;
;;;;;;;;;;;;;;;;
1;ћне;я;SPRO sg 1p - loc;;;е;н;м;;;;SPRO;я;SPRO sg 1p - loc;;
2;было;Ѕџ“№;V ipf praet sg indic n -;;;о;л;ы;б;;;V;Ѕџ“№;V ipf praet sg indic n -;;
3;неверо€тно;Ќ≈¬≈–ќя“Ќќ;ADV -;;;о;н;т;€;о;р;ADV;Ќ≈¬≈–ќя“Ќќ;ADV -;;
4;жаль;∆јЋ№;PRAEDIC;;;ь;л;а;ж;;;ADV;∆јЋ№;ADV -;;
5;их;ќЌ»;SPRO pl 3p - acc;;;х;и;;;;;SPRO;ќЌ»;SPRO pl - - acc;;
6;всех;¬≈—№;APRO pl acc anim;;;х;е;с;в;;;S;¬—≈;S - - loc pl;;
7;,;,;PUNC;;;;;;;;;PUNC;,;PUNC;;
8;что;„“ќ;CONJ;;;о;т;ч;;;;CONJ;„“ќ;CONJ;;
9;они;ќЌ»;SPRO pl - - nom;;;и;н;о;;;;SPRO;ќЌ»;SPRO pl - - nom;;
10;так;“ј ;ADVPRO;;;к;а;т;;;;ADV;“ј ;ADV -;;
11;не;Ќ≈;PART;;;е;н;;;;;PART;Ќ≈;PART;;
12;могут;ћќ„№;V ipf praes pl indic - 3p;;;т;у;г;о;м;;V;ћќ„№;V ipf praes pl indic - 3p;;
13;.;.;SENT;;;;;;;;;SENT;.;SENT;;
;;;;;;;;;;;;;;;;
1;јнна;јЌЌј;S f persn anim nom sg;;;а;н;н;а;;;S;јЌЌј;S f anim nom sg;;
2;@;@;PUNC;;;;;;;;;PUNC;@;PUNC;;
3;”;”;PR;;;у;;;;;;PR;”;PR;;
4;мен€;я;SPRO sg 1p - acc;;;€;н;е;м;;;SPRO;я;SPRO sg 1p - acc;;
5;,;,;PUNC;;;;;;;;;PUNC;,;PUNC;;
6;на;Ќј;PR;;;а;н;;;;;PR;Ќј;PR;;
7;самом;—јћџ…;A - loc sg plen n inan;;;м;о;м;а;с;;A;—јћџ…;A - loc sg plen n -;;
8;деле;ƒ≈Ћќ;S n inan loc sg;;;е;л;е;д;;;S;ƒ≈Ћќ;S n inan loc sg;;
9;,;,;PUNC;;;;;;;;;PUNC;,;PUNC;;
10;вот;¬ќ“;PART;;;т;о;в;;;;PART;¬ќ“;PART;;
11;не;Ќ≈;PART;;;е;н;;;;;PART;Ќ≈;PART;;
12;раз;–ј«;S m inan acc sg;;;з;а;р;;;;S;–ј«;S m inan acc sg;;
13;возникала;¬ќ«Ќ» ј“№;V ipf praet sg indic f -;;;а;л;а;к;и;н;V;¬ќ«Ќ» ј“№;V ipf praet sg indic f -;;
14;мысль;ћџ—Ћ№;S f inan nom sg;;;ь;л;с;ы;м;;S;ћџ—Ћ№;S f inan nom sg;;
15;,;,;PUNC;;;;;;;;;PUNC;,;PUNC;;
16;когда; ќ√ƒј;CONJ;;;а;д;г;о;к;;CONJ; ќ√ƒј;CONJ;;
17;€;я;SPRO sg 1p - nom;;;€;;;;;;SPRO;я;SPRO sg 1p - nom;;
18;была;Ѕџ“№;V ipf praet sg indic f -;;;а;л;ы;б;;;V;Ѕџ“№;V ipf praet sg indic f -;;
19;в;¬;PR;;;в;;;;;;PR;¬;PR;;
20;горах;√ќ–ј;S f inan loc pl;;;х;а;р;о;г;;S;√ќ–ј;S f inan loc pl;;
21;,;,;PUNC;;;;;;;;;PUNC;,;PUNC;;
22;бросить;Ѕ–ќ—»“№;V pf - - inf - -;;;ь;т;и;с;о;р;V;Ѕ–ќ—»“№;V pf - - inf - -;;
23;всЄ;¬—≈;SPRO sg n acc;;;Є;с;в;;;;S;¬—≈;S n - acc sg;;
24;и;»;CONJ;;;и;;;;;;CONJ;»;CONJ;;
25;остатьс€;ќ—“ј“№—я;V pf - - inf - -;;;€;с;ь;т;а;т;V;ќ—“ј“№—я;V pf - - inf - -;;
26;.;.;SENT;;;;;;;;;SENT;.;SENT;;
;;;;;;;;;;;;;;;;
1;я;я;SPRO sg 1p - nom;;;€;;;;;;SPRO;я;SPRO sg 1p - nom;;
2;не;Ќ≈;PART;;;е;н;;;;;PART;Ќ≈;PART;;
3;хотела;’ќ“≈“№;V ipf praet sg indic f -;;;а;л;е;т;о;х;V;’ќ“≈“№;V ipf praet sg indic f -;;
4;возвращатьс€;¬ќ«¬–јўј“№—я;V ipf - - inf - -;;;€;с;ь;т;а;щ;V;¬ќ«¬–јўј“№—я;V ipf - - inf - -;;
5;в;¬;PR;;;в;;;;;;PR;¬;PR;;
6;ѕетербург;ѕ≈“≈–Ѕ”–√;S m inan acc sg;;;г;р;у;б;р;е;S;ѕ≈“≈–Ѕ”–√;S m inan acc sg;;
7;,;,;PUNC;;;;;;;;;PUNC;,;PUNC;;
8;не;Ќ≈;PART;;;е;н;;;;;PART;Ќ≈;PART;;
9;хотела;’ќ“≈“№;V ipf praet sg indic f -;;;а;л;е;т;о;х;V;’ќ“≈“№;V ipf praet sg indic f -;;
10;продолжать;ѕ–ќƒќЋ∆ј“№;V ipf - - inf - -;;;ь;т;а;ж;л;о;V;ѕ–ќƒќЋ∆ј“№;V ipf - - inf - -;;
11;учЄбу;”„≈Ѕј;S f inan acc sg;;;у;б;Є;ч;у;;S;”„≈Ѕј;S f inan acc sg;;
12;,;,;PUNC;;;;;;;;;PUNC;,;PUNC;;
13;€;я;SPRO sg 1p - nom;;;€;;;;;;SPRO;я;SPRO sg 1p - nom;;
14;думала;ƒ”ћј“№;V ipf praet sg indic f -;;;а;л;а;м;у;д;V;ƒ”ћј“№;V ipf praet sg indic f -;;
15;:;:;PUNC;;;;;;;;;PUNC;:;PUNC;;
16;всЄ;¬—≈;INTJ;;;Є;с;в;;;;S;¬—≈;S - - acc pl;;
17;,;,;PUNC;;;;;;;;;PUNC;,;PUNC;;
18;€;я;SPRO sg 1p - nom;;;€;;;;;;SPRO;я;SPRO sg 1p - nom;;
19;останусь;ќ—“ј“№—я;V pf fut sg indic - 1p;;;ь;с;у;н;а;т;V;ќ—“ј“№—я;V pf fut sg indic - 1p;;
20;здесь;«ƒ≈—№;ADVPRO;;;ь;с;е;д;з;;ADV;«ƒ≈—№;ADV -;;
21;,;,;PUNC;;;;;;;;;PUNC;,;PUNC;;
22;€;я;SPRO sg 1p - nom;;;€;;;;;;SPRO;я;SPRO sg 1p - nom;;
23;буду;Ѕџ“№;V ipf praes sg indic - 1p;;;у;д;у;б;;;V;Ѕџ“№;V ipf praes sg indic - 1p;;
24;инструктором;»Ќ—“–” “ќ–;S m anim ins sg;;;м;о;р;о;т;к;S;»Ќ—“–” “ќ–;S m anim ins sg;;
25;по;ѕќ;PR;;;о;п;;;;;PR;ѕќ;PR;;
26;горным;√ќ–Ќџ…;A - dat pl plen - inan;;;м;ы;н;р;о;г;A;√ќ–Ќџ…;A - dat pl plen - -;;
27;лыжам;Ћџ∆ј;S f inan dat pl;;;м;а;ж;ы;л;;S;Ћџ∆ј;S f inan dat pl;;
28;,;,;PUNC;;;;;;;;;PUNC;,;PUNC;;
29;всЄ;¬—≈;INTJ;;;Є;с;в;;;;ADV;¬—≈;ADV -;;
30;,;,;PUNC;;;;;;;;;PUNC;,;PUNC;;
31;€;я;SPRO sg 1p - nom;;;€;;;;;;SPRO;я;SPRO sg 1p - nom;;
32;хочу;’ќ“≈“№;V ipf praes sg indic - 1p;;;у;ч;о;х;;;V;’ќ“≈“№;V ipf praes sg indic - 1p;;
33;жить;∆»“№;V ipf - - inf - -;;;ь;т;и;ж;;;V;∆»“№;V ipf - - inf - -;;
34;здесь;«ƒ≈—№;ADVPRO;;;ь;с;е;д;з;;ADV;«ƒ≈—№;ADV -;;
35;,;,;PUNC;;;;;;;;;PUNC;,;PUNC;;
36;в;¬;PR;;;в;;;;;;PR;¬;PR;;
37;этом;Ё“ќ“;APRO sg m loc inan;;;м;о;т;э;;;A;Ё“ќ“;A - loc sg plen m -;;
38;прекрасном;ѕ–≈ –ј—Ќџ…;A - loc sg plen m inan;;;м;о;н;с;а;р;A;ѕ–≈ –ј—Ќџ…;A - loc sg plen m -;;
39;мире;ћ»–;S m inan loc sg;;;е;р;и;м;;;S;ћ»–;S m inan loc sg;;
40;,;,;PUNC;;;;;;;;;PUNC;,;PUNC;;
41;не;Ќ≈;PART;;;е;н;;;;;PART;Ќ≈;PART;;
42;хочу;’ќ“≈“№;V ipf praes sg indic - 1p;;;у;ч;о;х;;;V;’ќ“≈“№;V ipf praes sg indic - 1p;;
43;,;,;PUNC;;;;;;;;;PUNC;,;PUNC;;
44;distinct;DISTINCT;NONLEX;;;;;;;;;NONLEX;DISTINCT;NONLEX;;
45;form;FORM;NONLEX;;;;;;;;;NONLEX;FORM;NONLEX;;
46;=;=;PUNC;;;;;;;;;PUNC;=;PUNC;;
47;&;&;PUNC;;;;;;;;;PUNC;&;PUNC;;
48;quot;QUOT;NONLEX;;;;;;;;;NONLEX;QUOT;NONLEX;;
49;";";";";PUNC;;;;;;;;;PUNC;";";PUNC;;
50;чтоб;„“ќЅџ;CONJ;distort;;б;о;т;ч;;;CONJ;„“ќЅ;CONJ;;
51;&;&;PUNC;;;;;;;;;PUNC;&;PUNC;;
52;quot;QUOT;NONLEX;;;;;;;;;NONLEX;QUOT;NONLEX;;
53;";";";";SENT;;;;;;;;;SENT;";";SENT;;
;;;;;;;;;;;;;;;;
1;&;&;PUNC;;;;;;;;;PUNC;&;PUNC;;
2;gt;GT;NONLEX;;;;;;;;;NONLEX;GT;NONLEX;;
3;";";";";PUNC;;;;;;;;;PUNC;";";PUNC;;
4;чтобы;„“ќЅџ;CONJ;;;ы;б;о;т;ч;;CONJ;„“ќЅџ;CONJ;;
5;&;&;PUNC;;;;;;;;;PUNC;&;PUNC;;
6;lt;LT;NONLEX;;;;;;;;;NONLEX;LT;NONLEX;;
7;";";";";SENT;;;;;;;;;SENT;";";SENT;;
;;;;;;;;;;;;;;;;
1;/;/;PUNC;;;;;;;;;PUNC;/;PUNC;;
2;distinct;DISTINCT;NONLEX;;;;;;;;;NONLEX;DISTINCT;NONLEX;;
3;&;&;PUNC;;;;;;;;;PUNC;&;PUNC;;
4;gt;GT;NONLEX;;;;;;;;;NONLEX;GT;NONLEX;;
5;";";";";SENT;;;;;;;;;SENT;";";SENT;;
;;;;;;;;;;;;;;;;
1;ничего;Ќ»„≈√ќ;SPRO sg n nom;;;о;г;е;ч;и;н;ADV;Ќ»„≈√ќ;ADV -;;
2;другое;ƒ–”√ќ…;APRO sg n acc;;;е;о;г;у;р;д;A;ƒ–”√ќ…;A - nom sg plen n -;;
3;дл€;ƒЋя;PR;;;€;л;д;;;;PR;ƒЋя;PR;;
4;мен€;я;SPRO sg 1p - acc;;;€;н;е;м;;;SPRO;я;SPRO sg 1p - acc;;
5;существовало;—”ў≈—“¬ќ¬ј“№;V ipf praet sg indic n -;;;о;л;а;в;о;в;V;—”ў≈—“¬ќ¬ј“№;V ipf praet sg indic n -;;
6;.;.;SENT;;;;;;;;;SENT;.;SENT;;
;;;;;;;;;;;;;;;;
1;&;&;PUNC;;;;;;;;;PUNC;&;PUNC;;
2;lt;LT;NONLEX;;;;;;;;;NONLEX;LT;NONLEX;;
3;";";";";PUNC;;;;;;;;;PUNC;";";PUNC;;
4;distinct;DISTINCT;NONLEX;;;;;;;;;NONLEX;DISTINCT;NONLEX;;
5;form;FORM;NONLEX;;;;;;;;;NONLEX;FORM;NONLEX;;
6;=;=;PUNC;;;;;;;;;PUNC;=;PUNC;;
7;&;&;PUNC;;;;;;;;;PUNC;&;PUNC;;
8;quot;QUOT;NONLEX;;;;;;;;;NONLEX;QUOT;NONLEX;;
9;";";";";SENT;;;;;;;;;SENT;";";SENT;;
;;;;;;;;;;;;;;;;
1;»ии;»;CONJ;distort;;и;и;и;;;;S;»»»;S m inan loc sg;;
2;&;&;PUNC;;;;;;;;;PUNC;&;PUNC;;
3;quot;QUOT;NONLEX;;;;;;;;;NONLEX;QUOT;NONLEX;;
4;";";";";SENT;;;;;;;;;SENT;";";SENT;;
;;;;;;;;;;;;;;;;
1;&;&;PUNC;;;;;;;;;PUNC;&;PUNC;;
2;gt;GT;NONLEX;;;;;;;;;NONLEX;GT;NONLEX;;
3;";";";";SENT;;;;;;;;;SENT;";";SENT;;
;;;;;;;;;;;;;;;;
1;»;»;CONJ;;;и;;;;;;S;»;S - - nonflex nonflex;;
2;&;&;PUNC;;;;;;;;;PUNC;&;PUNC;;
3;lt;LT;NONLEX;;;;;;;;;NONLEX;LT;NONLEX;;
4;";";";";SENT;;;;;;;;;SENT;";";SENT;;
;;;;;;;;;;;;;;;;
1;/;/;PUNC;;;;;;;;;PUNC;/;PUNC;;
2;distinct;DISTINCT;NONLEX;;;;;;;;;NONLEX;DISTINCT;NONLEX;;
3;&;&;PUNC;;;;;;;;;PUNC;&;PUNC;;
4;gt;GT;NONLEX;;;;;;;;;NONLEX;GT;NONLEX;;
5;";";";";SENT;;;;;;;;;SENT;";";SENT;;
;;;;;;;;;;;;;;;;
1;мне;я;SPRO sg 1p - loc;;;е;н;м;;;;SPRO;я;SPRO sg 1p - loc;;
2;на;Ќј;PR;;;а;н;;;;;PR;Ќј;PR;;
3;самом;—јћџ…;A - loc sg plen n inan;;;м;о;м;а;с;;A;—јћџ…;A - loc sg plen n -;;
4;деле;ƒ≈Ћќ;S n inan loc sg;;;е;л;е;д;;;S;ƒ≈Ћќ;S n inan loc sg;;
5;предлагали;ѕ–≈ƒЋј√ј“№;V ipf praet pl indic - -;;;и;л;а;г;а;л;V;ѕ–≈ƒЋј√ј“№;V ipf praet pl indic - -;;
6;сдать;—ƒј“№;V pf - - inf - -;;;ь;т;а;д;с;;V;—ƒј“№;V pf - - inf - -;;
7;экзамены;Ё «јћ≈Ќ;S m inan acc pl;;;ы;н;е;м;а;з;S;Ё «јћ≈Ќ;S m inan acc pl;;
8;,;,;PUNC;;;;;;;;;PUNC;,;PUNC;;
9;чтобы;„“ќЅџ;CONJ;;;ы;б;о;т;ч;;CONJ;„“ќЅџ;CONJ;;
10;быть;Ѕџ“№;V ipf - - inf - -;;;ь;т;ы;б;;;V;Ѕџ“№;V ipf - - inf - -;;
11;инструктором;»Ќ—“–” “ќ–;S m anim ins sg;;;м;о;р;о;т;к;S;»Ќ—“–” “ќ–;S m anim ins sg;;
12;по;ѕќ;PR;;;о;п;;;;;PR;ѕќ;PR;;
13;горным;√ќ–Ќџ…;A - dat pl plen - inan;;;м;ы;н;р;о;г;A;√ќ–Ќџ…;A - dat pl plen - -;;
14;лыжам;Ћџ∆ј;S f inan dat pl;;;м;а;ж;ы;л;;S;Ћџ∆ј;S f inan dat pl;;
15;.;.;SENT;;;;;;;;;SENT;.;SENT;;
;;;;;;;;;;;;;;;;
1;јнна;јЌЌј;S f persn anim nom sg;;;а;н;н;а;;;S;јЌЌј;S f anim nom sg;;
2;@;@;PUNC;;;;;;;;;PUNC;@;PUNC;;
3;”;”;PR;;;у;;;;;;PR;”;PR;;
4;мен€;я;SPRO sg 1p - gen;;;€;н;е;м;;;SPRO;я;SPRO sg 1p - acc;;
5;есть;Ѕџ“№;V ipf praes sg indic - 3p;;;ь;т;с;е;;;V;Ѕџ“№;V ipf praes sg indic - 3p;;
6;знакомый;«Ќј ќћџ…;A - nom sg plen m anim;;;й;ы;м;о;к;а;A;«Ќј ќћџ…;A - nom sg plen m -;;
7;тренер;“–≈Ќ≈–;S m anim nom sg;;;р;е;н;е;р;т;S;“–≈Ќ≈–;S m anim nom sg;;
8;во;¬ќ;PR;;;о;в;;;;;PR;¬ќ;PR;;
9;‘ранции;‘–јЌ÷»я;S f inan loc sg;;;и;и;ц;н;а;р;S;‘–јЌ÷»я;S f inan loc sg;;
10;,;,;PUNC;;;;;;;;;PUNC;,;PUNC;;
11;он;ќЌ;SPRO sg 3p m nom;;;н;о;;;;;SPRO;ќЌ;SPRO sg 3p m nom;;
12;очень;ќ„≈Ќ№;ADV -;;;ь;н;е;ч;о;;ADV;ќ„≈Ќ№;ADV -;;
13;много;ћЌќ√ќ;NUM acc;;;о;г;о;н;м;;ADV;ћЌќ√ќ;ADV -;;
14;раз;–ј«;S m inan acc pl;;;з;а;р;;;;S;–ј«;S m inan acc sg;;
15;мен€;я;SPRO sg 1p - acc;;;€;н;е;м;;;SPRO;я;SPRO sg 1p - acc;;
16;уговаривал;”√ќ¬ј–»¬ј“№;V ipf praet sg indic m -;;;л;а;в;и;р;а;V;”√ќ¬ј–»¬ј“№;V ipf praet sg indic m -;;
17;,;,;PUNC;;;;;;;;;PUNC;,;PUNC;;
18;но;Ќќ;CONJ;;;о;н;;;;;CONJ;Ќќ;CONJ;;
19;€;я;SPRO sg 1p - nom;;;€;;;;;;SPRO;я;SPRO sg 1p - nom;;
20;рассматриваю;–ј——ћј“–»¬ј“№;V ipf praes sg indic - 1p;;;ю;а;в;и;р;т;V;–ј——ћј“–»¬ј“№;V ipf praes sg indic - 1p;;
21;это;Ё“ќ;SPRO n acc sg;;;о;т;э;;;;S;Ё“ќ;S n - nom sg;;
22;как; ј ;ADV -;;;к;а;к;;;;ADV; ј ;ADV -;;
23;просто;ѕ–ќ—“ќ;PART;;;о;т;с;о;р;п;PART;ѕ–ќ—“ќ;PART;;
24;одну;ќƒ»Ќ;ANUM acc sg f;;;у;н;д;о;;;A;ќƒ»Ќ;A - acc sg plen f -;;
25;из;»«;PR;;;з;и;;;;;PR;»«;PR;;
26;будущих;Ѕ”ƒ”ў»…;A - gen pl plen - inan;;;х;и;щ;у;д;у;A;Ѕ”ƒ”ў»…;A - gen pl plen - -;;
27;возможностей;¬ќ«ћќ∆Ќќ—“№;S f inan gen pl;;;й;е;т;с;о;н;S;¬ќ«ћќ∆Ќќ—“№;S f inan gen pl;;
28;,;,;PUNC;;;;;;;;;PUNC;,;PUNC;;
29;которую; ќ“ќ–џ…;APRO sg f acc inan;;;ю;у;р;о;т;о;A; ќ“ќ–џ…;A - acc sg plen f -;;
30;,;,;PUNC;;;;;;;;;PUNC;,;PUNC;;
31;может;ћќ„№;V ipf praes sg indic - 3p;;;т;е;ж;о;м;;V;ћќ„№;V ipf praes sg indic - 3p;;
32;быть;Ѕџ“№;V ipf - - inf - -;;;ь;т;ы;б;;;V;Ѕџ“№;V ipf - - inf - -;;
33;,;,;PUNC;;;;;;;;;PUNC;,;PUNC;;
34;€;я;SPRO sg 1p - nom;;;€;;;;;;SPRO;я;SPRO sg 1p - nom;;
35;когда-нибудь; ќ√ƒј-Ќ»Ѕ”ƒ№;ADVPRO;;;ь;д;у;б;и;н;ADV; ќ√ƒј-Ќ»Ѕ”ƒ№;ADV -;;
36;реализую;–≈јЋ»«ќ¬ј“№;V ipf fut sg indic - 1p;;;ю;у;з;и;л;а;V;–≈јЋ»«ќ¬ј“№;V ipf praes sg indic - 1p;;
37;,;,;PUNC;;;;;;;;;PUNC;,;PUNC;;
38;может;ћќ„№;V ipf praes sg indic - 3p;;;т;е;ж;о;м;;V;ћќ„№;V ipf praes sg indic - 3p;;
39;быть;Ѕџ“№;V ipf - - inf - -;;;ь;т;ы;б;;;V;Ѕџ“№;V ipf - - inf - -;;
40;,;,;PUNC;;;;;;;;;PUNC;,;PUNC;;
41;нет;Ќ≈“;PART;;;т;е;н;;;;ADV;Ќ≈“;ADV -;;
42;,;,;PUNC;;;;;;;;;PUNC;,;PUNC;;
43;кто; “ќ;SPRO sg m nom anin;;;о;т;к;;;;S; “ќ;S m - nom sg;;
44;знает;«Ќј“№;V ipf praes sg indic - 3p;;;т;е;а;н;з;;V;«Ќј“№;V ipf praes sg indic - 3p;;
45;.;.;SENT;;;;;;;;;SENT;.;SENT;;
;;;;;;;;;;;;;;;;
1;ѕросто;ѕ–ќ—“ќ;PART;;;о;т;с;о;р;п;PART;ѕ–ќ—“ќ;PART;;
2;как; ј ;CONJ;;;к;а;к;;;;ADV; ј ;ADV -;;
3;один;ќƒ»Ќ;ANUM acc sg m;;;н;и;д;о;;;A;ќƒ»Ќ;A - nom sg plen m -;;
4;из;»«;PR;;;з;и;;;;;PR;»«;PR;;
5;вариантов;¬ј–»јЌ“;S m inan gen pl;;;в;о;т;н;а;и;S;¬ј–»јЌ“;S m inan gen pl;;
6;того;“ќ;SPRO sg n gen inan;;;о;г;о;т;;;S;“ќ;S n - gen sg;;
7;,;,;PUNC;;;;;;;;;PUNC;,;PUNC;;
8;как; ј ;ADVPRO;;;к;а;к;;;;CONJ; ј ;CONJ;;
9;€;я;SPRO sg 1p - nom;;;€;;;;;;SPRO;я;SPRO sg 1p - nom;;
10;могу;ћќ„№;V ipf praes sg indic - 1p;;;у;г;о;м;;;V;ћќ„№;V ipf praes sg indic - 1p;;
11;в;¬;PR;;;в;;;;;;PR;¬;PR;;
12;будущем;Ѕ”ƒ”ў≈≈;S n inan loc sg;;;м;е;щ;у;д;у;S;Ѕ”ƒ”ў≈≈;S n inan loc sg;;
13;жить;∆»“№;V ipf - - inf - -;;;ь;т;и;ж;;;V;∆»“№;V ipf - - inf - -;;
14;,;,;PUNC;;;;;;;;;PUNC;,;PUNC;;
15;кто; “ќ;SPRO sg m nom anin;;;о;т;к;;;;S; “ќ;S m - nom sg;;
16;знает;«Ќј“№;V ipf praes sg indic - 3p;;;т;е;а;н;з;;V;«Ќј“№;V ipf praes sg indic - 3p;;
17;,;,;PUNC;;;;;;;;;PUNC;,;PUNC;;
18;что;„“ќ;SPRO sg n nom inan;;;о;т;ч;;;;CONJ;„“ќ;CONJ;;
19;мне;я;SPRO sg 1p - loc;;;е;н;м;;;;SPRO;я;SPRO sg 1p - loc;;
20;придЄт;ѕ–»…“»;V pf fut sg indic - 3p;;;т;Є;д;и;р;п;V;ѕ–»…“»;V pf fut sg indic - 3p;;
21;в;¬;PR;;;в;;;;;;PR;¬;PR;;
22;голову;√ќЋќ¬ј;S f inan acc sg;;;у;в;о;л;о;г;S;√ќЋќ¬ј;S f inan acc sg;;
23;через;„≈–≈«;PR;;;з;е;р;е;ч;;PR;„≈–≈«;PR;;
24;несколько;Ќ≈— ќЋ№ ќ;NUM acc inan;;;о;к;ь;л;о;к;NUM;Ќ≈— ќЋ№ ќ;NUM - - -;;
25;лет;√ќƒ;S m inan gen pl;;;т;е;л;;;;S;√ќƒ;S m inan gen pl;;
26;,;,;PUNC;;;;;;;;;PUNC;,;PUNC;;
27;€;я;SPRO sg 1p - nom;;;€;;;;;;SPRO;я;SPRO sg 1p - nom;;
28;не;Ќ≈;PART;;;е;н;;;;;PART;Ќ≈;PART;;
29;знаю;«Ќј“№;V ipf praes sg indic - 1p;;;ю;а;н;з;;;V;«Ќј“№;V ipf praes sg indic - 1p;;
30;.;.;SENT;;;;;;;;;SENT;.;SENT;;
;;;;;;;;;;;;;;;;
1;јнна;јЌЌј;S f persn anim nom sg;;;а;н;н;а;;;S;јЌЌј;S f anim nom sg;;
2;@;@;PUNC;;;;;;;;;PUNC;@;PUNC;;
3;¬от;¬ќ“;PART;;;т;о;в;;;;PART;¬ќ“;PART;;
4;.;.;SENT;;;;;;;;;SENT;.;SENT;;
;;;;;;;;;;;;;;;;
1;Ќа;Ќј;PR;;;а;н;;;;;PR;Ќј;PR;;
2;самом;—јћџ…;A - loc sg plen n inan;;;м;о;м;а;с;;A;—јћџ…;A - loc sg plen n -;;
3;деле;ƒ≈Ћќ;S n inan loc sg;;;е;л;е;д;;;S;ƒ≈Ћќ;S n inan loc sg;;
4;€;я;SPRO sg 1p - nom;;;€;;;;;;SPRO;я;SPRO sg 1p - nom;;
5;с;—;PR;;;с;;;;;;PR;—;PR;;
6;большим;ЅќЋ№Ўќ…;A - ins sg plen m inan;;;м;и;ш;ь;л;о;A;ЅќЋ№Ўќ…;A - ins sg plen m -;;
7;ещЄ;≈ў≈;ADV -;;;Є;щ;е;;;;ADV;≈ў≈;ADV -;;
8;удовольствием;”ƒќ¬ќЋ№—“¬»≈;S n inan ins sg;;;м;е;и;в;т;с;S;”ƒќ¬ќЋ№—“¬»≈;S n inan ins sg;;
9;планирую;ѕЋјЌ»–ќ¬ј“№;V ipf praes sg indic - 1p;;;ю;у;р;и;н;а;V;ѕЋјЌ»–ќ¬ј“№;V ipf praes sg indic - 1p;;
10;свою;—¬ќ…;APRO sg f acc inan;;;ю;о;в;с;;;A;—¬ќ…;A - acc sg plen f -;;
11;следующую;—Ћ≈ƒ”ёў»…;A - acc sg plen f inan;;;ю;у;щ;ю;у;д;A;—Ћ≈ƒ”ёў»…;A - acc sg plen f -;;
12;поездку;ѕќ≈«ƒ ј;S f inan acc sg;;;у;к;д;з;е;о;S;ѕќ≈«ƒ ј;S f inan acc sg;;
13;в;¬;PR;;;в;;;;;;PR;¬;PR;;
14;горы;√ќ–ј;S f inan acc pl;;;ы;р;о;г;;;S;√ќ–ј;S f inan gen sg;;
15;,;,;PUNC;;;;;;;;;PUNC;,;PUNC;;
16;она;ќЌј;SPRO sg 3p f nom;;;а;н;о;;;;SPRO;ќЌј;SPRO sg 3p f nom;;
17;,;,;PUNC;;;;;;;;;PUNC;,;PUNC;;
18;€;я;SPRO sg 1p - nom;;;€;;;;;;SPRO;я;SPRO sg 1p - nom;;
19;надеюсь;Ќјƒ≈я“№—я;V ipf praes sg indic - 1p;;;ь;с;ю;е;д;а;V;Ќјƒ≈я“№—я;V ipf praes sg indic - 1p;;
20;,;,;PUNC;;;;;;;;;PUNC;,;PUNC;;
21;произойдЄт;ѕ–ќ»«ќ…“»;V pf fut sg indic - 3p;;;т;Є;д;й;о;з;V;ѕ–ќ»«ќ…“»;V pf fut sg indic - 3p;;
22;через;„≈–≈«;PR;;;з;е;р;е;ч;;PR;„≈–≈«;PR;;
23;э;Ё;INTJ;;;э;;;;;;S;Ё;S f inan nonflex nonflex;;
24;два;ƒ¬ј;NUM acc m inan;;;а;в;д;;;;NUM;ƒ¬ј;NUM acc m inan;;
25;мес€ца;ћ≈—я÷;S m inan gen sg;;;а;ц;€;с;е;м;S;ћ≈—я÷;S m inan gen sg;;
26;.;.;SENT;;;;;;;;;SENT;.;SENT;;
;;;;;;;;;;;;;;;;
1;я;я;SPRO sg 1p - nom;;;€;;;;;;SPRO;я;SPRO sg 1p - nom;;
2;надеюсь;Ќјƒ≈я“№—я;V ipf praes sg indic - 1p;;;ь;с;ю;е;д;а;V;Ќјƒ≈я“№—я;V ipf praes sg indic - 1p;;
3;,;,;PUNC;;;;;;;;;PUNC;,;PUNC;;
4;что;„“ќ;CONJ;;;о;т;ч;;;;CONJ;„“ќ;CONJ;;
5;€;я;SPRO sg 1p - nom;;;€;;;;;;SPRO;я;SPRO sg 1p - nom;;
6;поеду;ѕќ≈’ј“№;V pf fut sg indic - 1p;;;у;д;е;о;п;;V;ѕќ≈’ј“№;V pf fut sg indic - 1p;;
7;с;—;PR;;;с;;;;;;PR;—;PR;;
8;моей;ћќ…;APRO sg f ins anim;;;й;е;о;м;;;A;ћќ…;A - gen sg plen f -;;
9;лучшей;Ћ”„Ў»…;A supr ins sg plen f anim;;;й;е;ш;ч;у;л;A;Ћ”„Ў»…;A supr ins sg plen f -;;
10;подругой;ѕќƒ–”√ј;S f anim ins sg;;;й;о;г;у;р;д;S;ѕќƒ–”√ј;S f anim ins sg;;
11;,;,;PUNC;;;;;;;;;PUNC;,;PUNC;;
12;которую; ќ“ќ–џ…;APRO sg f acc inan;;;ю;у;р;о;т;о;A; ќ“ќ–џ…;A - acc sg plen f -;;
13;мне;я;SPRO sg 1p - loc;;;е;н;м;;;;SPRO;я;SPRO sg 1p - loc;;
14;тоже;“ќ∆≈;PART;;;е;ж;о;т;;;PART;“ќ∆≈;PART;;
15;подарили;ѕќƒј–»“№;V pf praet pl indic - -;;;и;л;и;р;а;д;V;ѕќƒј–»“№;V pf praet pl indic - -;;
16;горные;√ќ–Ќџ…;A - nom pl plen - inan;;;е;ы;н;р;о;г;A;√ќ–Ќџ…;A - nom pl plen - -;;
17;лыжи;Ћџ∆ј;S f inan nom pl;;;и;ж;ы;л;;;S;Ћџ∆ј;S f inan nom pl;;
18;,;,;PUNC;;;;;;;;;PUNC;,;PUNC;;
19;и;»;CONJ;;;и;;;;;;CONJ;»;CONJ;;
20;€;я;SPRO sg 1p - nom;;;€;;;;;;SPRO;я;SPRO sg 1p - nom;;
21;им;ќЌ»;SPRO pl - - dat;;;м;и;;;;;SPRO;ќЌ»;SPRO pl - - dat;;
22;за;«ј;PR;;;а;з;;;;;PR;«ј;PR;;
23;это;Ё“ќ;SPRO sg n acc inan;;;о;т;э;;;;S;Ё“ќ;S n inan acc sg;;
24;тоже;“ќ∆≈;PART;;;е;ж;о;т;;;PART;“ќ∆≈;PART;;
25;очень;ќ„≈Ќ№;ADV -;;;ь;н;е;ч;о;;ADV;ќ„≈Ќ№;ADV -;;
26;благодарна;ЅЋј√ќƒј–Ќџ…;A - - sg brev f -;;;а;н;р;а;д;о;A;ЅЋј√ќƒј–Ќџ…;A - - sg brev f -;;
27;.;.;SENT;;;;;;;;;SENT;.;SENT;;
